<?xml version="1.0" encoding="UTF-8"?>
<mxfile host="app.diagrams.net" modified="2023-11-22T17:48:52.061Z" agent="Mozilla/5.0 (Windows NT 10.0; Win64; x64) AppleWebKit/537.36 (KHTML, like Gecko) Chrome/119.0.0.0 Safari/537.36" etag="B3v3dG_r7Y8eB5c50U4l" version="21.6.8" type="device">
  <diagram id="R2lEEEUBdFMjLlhIrx0O" name="Page-1">
    <mxGraphModel dx="1422" dy="794" grid="1" gridSize="10" guides="1" tooltips="1" connect="1" arrows="1" fold="1" page="1" pageScale="1" pageWidth="850" pageHeight="1100" math="0" shadow="0">
      <root>
        <mxCell id="0" />
        <mxCell id="1" parent="0" />
        <mxCell id="k_uV8fV8e7-11uG7G13T-1" value="AWS" style="shape=mxgraph.aws4.region;labelPosition=center;verticalLabelPosition=bottom;align=center;verticalAlign=top;strokeColor=#ffffff;fillColor=#f58536;fontColor=#ffffff;dashed=0;" vertex="1" parent="1">
          <mxGeometry x="160" y="150" width="530" height="400" as="geometry" />
        </mxCell>
        <mxCell id="k_uV8fV8e7-11uG7G13T-2" value="KMS" style="shape=mxgraph.aws4.kms;labelPosition=center;verticalLabelPosition=bottom;align=center;verticalAlign=top;strokeColor=#ffffff;fillColor=#277116;fontColor=#ffffff;dashed=0;" vertex="1" parent="k_uV8fV8e7-11uG7G13T-1">
          <mxGeometry x="210" y="200" width="70" height="78.5" as="geometry" />
        </mxCell>
        <mxCell id="k_uV8fV8e7-11uG7G13T-3" value="KMS Alias" style="shape=mxgraph.aws4.kms;labelPosition=center;verticalLabelPosition=bottom;align=center;verticalAlign=top;strokeColor=#ffffff;fillColor=#277116;fontColor=#ffffff;dashed=0;" vertex="1" parent="k_uV8fV8e7-11uG7G13T-1">
          <mxGeometry x="410" y="200" width="70" height="78.5" as="geometry" />
        </mxCell>
        <mxCell id="k_uV8fV8e7-11uG7G13T-4" value="" style="endArrow=classic;html=1;rounded=0;entryX=0;entryY=0.5;entryDx=0;entryDy=0;exitX=1;exitY=0.5;exitDx=0;exitDy=0;" edge="1" parent="k_uV8fV8e7-11uG7G13T-1" source="k_uV8fV8e7-11uG7G13T-2" target="k_uV8fV8e7-11uG7G13T-3">
          <mxGeometry width="50" height="50" relative="1" as="geometry">
            <mxPoint x="390" y="260" as="sourcePoint" />
            <mxPoint x="440" y="210" as="targetPoint" />
          </mxGeometry>
        </mxCell>
      </root>
    </mxGraphModel>
  </diagram>
</mxfile>