{
  "module": "cloudposse/kms-key/aws",
  "resources": {
    "aws_kms_key": {
      "name": "default",
      "properties": {
        "namespace": "eg",
        "stage": "test",
        "name": "chamber",
        "description": "KMS key for chamber",
        "deletion_window_in_days": 10,
        "enable_key_rotation": true,
        "alias": "alias/parameter_store_key",
        "customer_master_key_spec": "SYMMETRIC_DEFAULT",
        "key_usage": "ENCRYPT_DECRYPT",
        "multi_region": false,
        "policy": ""
      }
    },
    "aws_kms_alias": {
      "name": "default",
      "properties": {
         "alias_name": "alias/parameter_store_key"
      }
    }
  }
}