<?xml version="1.0" encoding="UTF-8"?>
<mxfile host="app.diagrams.net" modified="2023-11-21T13:17:12.011Z" agent="Mozilla/5.0 (Macintosh; Intel Mac OS X 10_15_7) AppleWebKit/537.36 (KHTML, like Gecko) Chrome/119.0.0.0 Safari/537.36" etag="1K1sT5Y5m9yR5l744B-O" version="21.7.5" type="device">
  <diagram id="R2lEinlX6-VZRylRlpq5" name="Page-1">
    <mxGraphModel dx="1118" dy="759" grid="1" gridSize="10" guides="1" tooltips="1" connect="1" arrows="1" fold="1" page="1" pageScale="1" pageWidth="850" pageHeight="1100" math="0" shadow="0">
      <defaults>
        <scale>1</scale>
        <pageScale>1</pageScale>
        <math>0</math>
        <shadow>0</shadow>
      </defaults>
      <root>
        <mxCell id="0" />
        <mxCell id="1" parent="0" />
        <mxCell id="i_5_R8pR_l539U-8s8p8" value="Landing Zone" style="rounded=0;whiteSpace=wrap;html=1;fillColor=#f8cecc;strokeColor=#b85450;" parent="1" vertex="1">
          <mxGeometry x="200" y="40" width="440" height="60" as="geometry" />
        </mxCell>
        <mxCell id="i_5_R8pR_l539U-8s8p9" value="VPC" style="shape=mxgraph.aws4.group_vpc;verticalAlign=top;align=left;spacingTop=30;verticalLabelPosition=bottom;labelPosition=right;html=1;pointerEvents=1;fillColor=#F8CEEE;strokeColor=#DE7981;" parent="1" vertex="1">
          <mxGeometry x="220" y="140" width="400" height="340" as="geometry" />
        </mxCell>
        <mxCell id="i_5_R8pR_l539U-8s8pA" value="Subnets" style="shape=mxgraph.aws4.group_subnet;verticalAlign=top;align=left;verticalLabelPosition=bottom;labelPosition=right;html=1;fillColor=#dae8fc;strokeColor=#6c8ebf;pointerEvents=1;" parent="i_5_R8pR_l539U-8s8p9" vertex="1">
          <mxGeometry x="40" y="60" width="320" height="240" as="geometry" />
        </mxCell>
        <mxCell id="i_5_R8pR_l539U-8s8pB" value="Lambda Function" style="shape=mxgraph.aws4.lambda;resIcon=mxgraph.aws4.lambda;labelPosition=center;verticalLabelPosition=bottom;align=center;verticalAlign=top;html=1;pointerEvents=1;rounded=1;absoluteArcSize=1;arcSize=20;fillColor=#F58534;strokeColor=#D75F07;" parent="i_5_R8pR_l539U-8s8pA" vertex="1">
          <mxGeometry x="40" y="40" width="80" height="80" as="geometry" />
        </mxCell>
        <mxCell id="i_5_R8pR_l539U-8s8pC" value="S3" style="shape=mxgraph.aws4.s3;resIcon=mxgraph.aws4.s3;labelPosition=center;verticalLabelPosition=bottom;align=center;verticalAlign=top;html=1;pointerEvents=1;rounded=1;absoluteArcSize=1;arcSize=20;fillColor=#F58536;strokeColor=#D75F07;" parent="1" vertex="1">
          <mxGeometry x="40" y="520" width="80" height="80" as="geometry" />
        </mxCell>
        <mxCell id="i_5_R8pR_l539U-8s8pD" value="CodePipeline" style="shape=mxgraph.aws4.codepipeline;resIcon=mxgraph.aws4.codepipeline;labelPosition=center;verticalLabelPosition=bottom;align=center;verticalAlign=top;html=1;pointerEvents=1;rounded=1;absoluteArcSize=1;arcSize=20;fillColor=#F58534;strokeColor=#D75F07;" parent="1" vertex="1">
          <mxGeometry x="160" y="520" width="80" height="80" as="geometry" />
        </mxCell>
        <mxCell id="i_5_R8pR_l539U-8s8pE" value="IAM" style="shape=mxgraph.aws4.iam;resIcon=mxgraph.aws4.iam;labelPosition=center;verticalLabelPosition=bottom;align=center;verticalAlign=top;html=1;pointerEvents=1;rounded=1;absoluteArcSize=1;arcSize=20;fillColor=#D05C17;strokeColor=#B85213;" parent="1" vertex="1">
          <mxGeometry x="280" y="520" width="80" height="80" as="geometry" />
        </mxCell>
        <mxCell id="i_5_R8pR_l539U-8s8pF" value="Organizations" style="shape=mxgraph.aws4.organizations;resIcon=mxgraph.aws4.organizations;labelPosition=center;verticalLabelPosition=bottom;align=center;verticalAlign=top;html=1;pointerEvents=1;rounded=1;absoluteArcSize=1;arcSize=20;fillColor=#277116;strokeColor=#1E580F;" parent="1" vertex="1">
          <mxGeometry x="400" y="520" width="80" height="80" as="geometry" />
        </mxCell>
        <mxCell id="i_5_R8pR_l539U-8s8pG" value="CloudTrail" style="shape=mxgraph.aws4.cloudtrail;resIcon=mxgraph.aws4.cloudtrail;labelPosition=center;verticalLabelPosition=bottom;align=center;verticalAlign=top;html=1;pointerEvents=1;rounded=1;absoluteArcSize=1;arcSize=20;fillColor=#F58534;strokeColor=#D75F07;" parent="1" vertex="1">
          <mxGeometry x="520" y="520" width="80" height="80" as="geometry" />
        </mxCell>
      </root>
    </mxGraphModel>
  </diagram>
</mxfile>