{
  "module": "landing_zone",
  "source": "MitocGroup/landing-zone/aws",
  "version": "0.2.5",
  "variables": {
    "landing_zone_providers": {
      "type": "map(object({account_id = string, region = string}))",
      "description": "AWS providers configuration (account ID and region)",
      "default": {
        "default": {
          "account_id": "123456789012",
          "region": "us-east-1"
        }
      }
    },
    "landing_zone_components": {
      "type": "map(string)",
      "description": "Map of component names to their respective .tfvars file paths",
      "default": {
        "landing_zone_vpc": "s3://terraform-aws-landing-zone/components/landing_zone_vpc/*.tfvars"
      }
    },
    "terraform_backend": {
      "type": "object({backend = string, path = string})",
      "description": "Terraform backend configuration",
      "default": {
        "backend": "local",
        "path": "/tmp/.terrahub/landing_zone"
      }
    }
  },
  "components": [
    {"name": "landing_zone_pipeline_s3_bucket", "type": "aws_s3_bucket"},
    {"name": "landing_zone_pipeline_artifact_s3_bucket", "type": "aws_s3_bucket"},
    {"name": "landing_zone_code_pipeline", "type": "aws_codepipeline"},
    {"name": "landing_zone_code_pipeline_role", "type": "aws_iam_role"},
    {"name": "landing_zone_code_pipeline_role_policy", "type": "aws_iam_role_policy"},
    {"name": "landing_zone_code_build", "type": "aws_codebuild_project"},
    {"name": "landing_zone_code_build_role", "type": "aws_iam_role"},
    {"name": "landing_zone_code_build_role_policy", "type": "aws_iam_role_policy"},
    {"name": "landing_zone_organization", "type": "aws_organizations_organization"},
    {"name": "landing_zone_organization_policy", "type": "aws_organizations_policy"},
    {"name": "landing_zone_organization_policy_attachment", "type": "aws_organizations_policy_attachment"},
    {"name": "landing_zone_organization_accounts", "type": "aws_organizations_account"},
    {"name": "landing_zone_organization_unit", "type": "aws_organizations_organizational_unit"},
    {"name": "landing_zone_iam_role", "type": "aws_iam_role"},
    {"name": "landing_zone_iam_policy", "type": "aws_iam_policy"},
    {"name": "landing_zone_iam_role_policy_attachment", "type": "aws_iam_role_policy_attachment"},
    {"name": "landing_zone_directory_service_director", "type": "aws_directory_service_directory"}
  ],
  "dependencies": [
    "nodejs",
    "terrahub"
  ]
}