<?xml version="1.0" encoding="UTF-8"?>
<mxfile host="app.diagrams.net" modified="2023-11-22T18:01:52.736Z" agent="Mozilla/5.0 (Macintosh; Intel Mac OS X 10_15_7) AppleWebKit/605.1.15 (KHTML, like Gecko) Version/16.2 Safari/605.1.15" etag="iG-q28l4d79qE0u6p15B" version="21.6.8" type="device">
  <diagram id="R2lEEEUBdFMjLlhAJSBl" name="Page-1">
    <mxGraphModel dx="1426" dy="813" grid="1" gridSize="10" guides="1" tooltips="1" connect="1" arrows="1" fold="1" page="1" pageScale="1" pageWidth="850" pageHeight="1100" math="0" shadow="0">
      <root>
        <mxCell id="0" />
        <mxCell id="1" parent="0" />
        <mxCell id="n9Nq6lQ3oMzJ8m_w983x-1" value="VPC" style="shape=mxgraph.aws4.group_vpc;verticalAlign=top;align=left;spacingTop=30;dashed=0;fillColor=#FAFAFA;strokeColor=#000000;verticalLabelPosition=bottom;labelPosition=right;spacingLeft=20;" parent="1" vertex="1">
          <mxGeometry x="40" y="40" width="770" height="640" as="geometry" />
        </mxCell>
        <mxCell id="n9Nq6lQ3oMzJ8m_w983x-2" value="Public Subnets" style="shape=mxgraph.aws4.group_subnet;verticalAlign=top;align=left;spacingTop=10;dashed=0;fillColor=#E6FFCC;strokeColor=#000000;verticalLabelPosition=bottom;labelPosition=right;spacingLeft=20;" parent="n9Nq6lQ3oMzJ8m_w983x-1" vertex="1">
          <mxGeometry x="30" y="50" width="710" height="240" as="geometry" />
        </mxCell>
        <mxCell id="n9Nq6lQ3oMzJ8m_w983x-3" value="ALB" style="shape=mxgraph.aws4.elastic_load_balancing;resIcon=mxgraph.aws4.elastic_load_balancing;labelPosition=center;verticalLabelPosition=bottom;align=center;verticalAlign=top;" parent="n9Nq6lQ3oMzJ8m_w983x-2" vertex="1">
          <mxGeometry x="20" y="80" width="60" height="60" as="geometry" />
        </mxCell>
        <mxCell id="n9Nq6lQ3oMzJ8m_w983x-4" value="ECS Cluster" style="shape=mxgraph.aws4.amazon_ecs_ecs_cluster;resIcon=mxgraph.aws4.amazon_ecs_ecs_cluster;labelPosition=center;verticalLabelPosition=bottom;align=center;verticalAlign=top;" parent="n9Nq6lQ3oMzJ8m_w983x-2" vertex="1">
          <mxGeometry x="140" y="70" width="60" height="70" as="geometry" />
        </mxCell>
        <mxCell id="n9Nq6lQ3oMzJ8m_w983x-5" value="Private Subnets" style="shape=mxgraph.aws4.group_subnet;verticalAlign=top;align=left;spacingTop=10;dashed=0;fillColor=#CCFFFF;strokeColor=#000000;verticalLabelPosition=bottom;labelPosition=right;spacingLeft=20;" parent="n9Nq6lQ3oMzJ8m_w983x-1" vertex="1">
          <mxGeometry x="30" y="340" width="710" height="240" as="geometry" />
        </mxCell>
        <mxCell id="n9Nq6lQ3oMzJ8m_w983x-6" value="RDS" style="shape=mxgraph.aws4.amazon_rds_db_instance;resIcon=mxgraph.aws4.amazon_rds_db_instance;labelPosition=center;verticalLabelPosition=bottom;align=center;verticalAlign=top;" parent="n9Nq6lQ3oMzJ8m_w983x-5" vertex="1">
          <mxGeometry x="20" y="80" width="60" height="70" as="geometry" />
        </mxCell>
        <mxCell id="n9Nq6lQ3oMzJ8m_w983x-7" value="Internet Gateway" style="shape=mxgraph.aws4.internet_gateway;resIcon=mxgraph.aws4.internet_gateway;labelPosition=center;verticalLabelPosition=bottom;align=center;verticalAlign=top;" parent="n9Nq6lQ3oMzJ8m_w983x-1" vertex="1">
          <mxGeometry x="640" y="10" width="60" height="40" as="geometry" />
        </mxCell>
        <mxCell id="n9Nq6lQ3oMzJ8m_w983x-8" value="" style="endArrow=classic;html=1;rounded=0;entryX=0;entryY=0.5;entryDx=0;entryDy=0;exitX=1;exitY=0.5;exitDx=0;exitDy=0;" parent="n9Nq6lQ3oMzJ8m_w983x-1" source="n9Nq6lQ3oMzJ8m_w983x-3" target="n9Nq6lQ3oMzJ8m_w983x-4" edge="1">
          <mxGeometry width="50" height="50" relative="1" as="geometry">
            <mxPoint x="390" y="360" as="sourcePoint" />
            <mxPoint x="440" y="310" as="targetPoint" />
          </mxGeometry>
        </mxCell>
        <mxCell id="n9Nq6lQ3oMzJ8m_w983x-9" value="" style="endArrow=classic;html=1;rounded=0;entryX=0;entryY=0.5;entryDx=0;entryDy=0;exitX=1;exitY=0.5;exitDx=0;exitDy=0;" parent="n9Nq6lQ3oMzJ8m_w983x-1" source="n9Nq6lQ3oMzJ8m_w983x-4" target="n9Nq6lQ3oMzJ8m_w983x-6" edge="1">
          <mxGeometry width="50" height="50" relative="1" as="geometry">
            <mxPoint x="220" y="130" as="sourcePoint" />
            <mxPoint x="80" y="425" as="targetPoint" />
          </mxGeometry>
        </mxCell>
        <mxCell id="n9Nq6lQ3oMzJ8m_w983x-10" value="Route53" style="shape=mxgraph.aws4.route_53_hosted_zone;resIcon=mxgraph.aws4.route_53_hosted_zone;labelPosition=center;verticalLabelPosition=bottom;align=center;verticalAlign=top;" parent="1" vertex="1">
          <mxGeometry x="40" y="720" width="60" height="60" as="geometry" />
        </mxCell>
        <mxCell id="n9Nq6lQ3oMzJ8m_w983x-11" value="" style="endArrow=classic;html=1;rounded=0;entryX=0.5;entryY=0;entryDx=0;entryDy=0;exitX=0.5;exitY=1;exitDx=0;exitDy=0;" parent="1" source="n9Nq6lQ3oMzJ8m_w983x-3" target="n9Nq6lQ3oMzJ8m_w983x-10" edge="1">
          <mxGeometry width="50" height="50" relative="1" as="geometry">
            <mxPoint x="70" y="340" as="sourcePoint" />
            <mxPoint x="120" y="290" as="targetPoint" />
          </mxGeometry>
        </mxCell>
        <mxCell id="n9Nq6lQ3oMzJ8m_w983x-12" value="S3" style="shape=mxgraph.aws4.s3_bucket;resIcon=mxgraph.aws4.s3_simple_storage_service_s3;labelPosition=center;verticalLabelPosition=bottom;align=center;verticalAlign=top;" parent="1" vertex="1">
          <mxGeometry x="200" y="720" width="60" height="55" as="geometry" />
        </mxCell>
        <mxCell id="n9Nq6lQ3oMzJ8m_w983x-13" value="" style="endArrow=classic;html=1;rounded=0;entryX=0.5;entryY=0;entryDx=0;entryDy=0;exitX=0.5;exitY=1;exitDx=0;exitDy=0;" parent="1" source="n9Nq6lQ3oMzJ8m_w983x-3" target="n9Nq6lQ3oMzJ8m_w983x-12" edge="1">
          <mxGeometry width="50" height="50" relative="1" as="geometry">
            <mxPoint x="100" y="340" as="sourcePoint" />
            <mxPoint x="220" y="700" as="targetPoint" />
            <Array as="points">
              <mxPoint x="70" y="700" />
              <mxPoint x="230" y="700" />
            </Array>
          </mxGeometry>
        </mxCell>
        <mxCell id="n9Nq6lQ3oMzJ8m_w983x-14" value="" style="endArrow=classic;html=1;rounded=0;entryX=0;entryY=0.5;entryDx=0;entryDy=0;exitX=1;exitY=0.5;exitDx=0;exitDy=0;" parent="1" source="n9Nq6lQ3oMzJ8m_w983x-7" target="n9Nq6lQ3oMzJ8m_w983x-2" edge="1">
          <mxGeometry width="50" height="50" relative="1" as="geometry">
            <mxPoint x="660" y="30" as="sourcePoint" />
            <mxPoint x="710" y="-20" as="targetPoint" />
            <Array as="points">
              <mxPoint x="720" y="30" />
              <mxPoint x="720" y="170" />
            </Array>
          </mxGeometry>
        </mxCell>
      </root>
    </mxGraphModel>
  </diagram>
</mxfile>