{
  "module": "hasura",
  "source": "Rayraegah/hasura/aws",
  "version": "3.X.Y",
  "region": "YOUR DEPLOYMENT REGION",
  "components": [
    {
      "type": "aws_rds_cluster_instance",
      "multi_az": true,
      "az_count": 2, 
      "db_name": "YOUR DATABASE NAME",
      "instance_class": "YOUR DATABASE INSTANCE SIZE",
      "username": "YOUR DATABASE USERNAME",
      "password": "YOUR DATABASE PASSWORD",
      "storage_encrypted": true,
      "additional_security_groups": "ADDITIONAL GROUPS ASSIGNED TO RDS INSTANCE",
      "logging": {
        "cloudwatch": true
      }

    },
    {
      "type": "aws_ecs_service",
      "cluster_name": "YOUR CLUSTER NAME",
      "launch_type": "FARGATE",
      "image": "hasura/graphql-engine:HASURA VERSION TAG FOR DEPLOYMENT",
      "environment": "ENV VARS FOR ECS TASK",
      "logging": {
        "cloudwatch": true
      }
    },
    {
      "type": "aws_alb",
      "subdomain": "HASURA ENDPOINT SUBDOMAIN",
      "domain": "YOUR DOMAIN NAME",
      "logging": {
        "cloudwatch": true
      }

    },
    {
      "type": "aws_acm_certificate",
      "domain": "YOUR DOMAIN NAME",
      "validation_method": "DNS"
    },
    {
      "type": "aws_route53_record",
      "zone_id": null,  // To be determined during implementation
      "name": "HASURA ENDPOINT SUBDOMAIN.YOUR DOMAIN NAME",
      "type": "A",
      "alias": {
        "name": null, // To be determined from ALB
        "zone_id": null // To be determined from ALB
      }
    }
  ],
  "variables": {
    "hasura_admin_secret": "YOUR HASURA ADMIN SECRET",
    "hasura_jwt_secret_algo": "ALGORITHM FOR JWT VERIFICATION (HMAC or RS256)",
    "hasura_jwt_secret_key": "YOUR PUBLIC KEY FOR JWT VERIFICATION",
    "hasura_console_enabled": "ENABLE HASURA CONSOLE",
    "app_subdomain": "YOUR HASURA APP SUBDOMAIN (FOR CORS)",
    "vpc_enable_dns_hostnames": true,
    "create_iam_service_linked_role": false
  }
}