<?xml version="1.0" encoding="UTF-8"?>
<mxfile host="app.diagrams.net" modified="2023-11-22T18:53:11.531Z" agent="Mozilla/5.0 (Macintosh; Intel Mac OS X 10_15_7) AppleWebKit/537.36 (KHTML, like Gecko) Chrome/119.0.0.0 Safari/537.36" etag="U1cK805oD-L-G-X8d0pW" version="21.6.8" type="device">
  <diagram id="R2lEEEUBdFMjLlh0zWBO" name="Page-1">
    <mxGraphModel dx="1118" dy="711" grid="1" gridSize="10" guides="1" tooltips="1" connect="1" arrows="1" fold="1" page="1" pageScale="1" pageWidth="850" pageHeight="1100" math="0" shadow="0">
      <root>
        <mxCell id="0" />
        <mxCell id="1" parent="0" />
        <mxCell id="qo1t-x4u3r40lfc5w6zC-1" value="GitHub" style="rounded=0;whiteSpace=wrap;html=1;" vertex="1" parent="1">
          <mxGeometry x="40" y="120" width="120" height="60" as="geometry" />
        </mxCell>
        <mxCell id="qo1t-x4u3r40lfc5w6zC-2" value="CodePipeline" style="shape=mxgraph.aws4.codepipeline;labelPosition=center;verticalLabelPosition=bottom;align=center;verticalAlign=top;resIcon=mxgraph.aws4.codepipeline;" vertex="1" parent="1">
          <mxGeometry x="240" y="80" width="120" height="120" as="geometry" />
        </mxCell>
        <mxCell id="qo1t-x4u3r40lfc5w6zC-3" value="S3 Bucket" style="shape=mxgraph.aws4.s3;labelPosition=center;verticalLabelPosition=bottom;align=center;verticalAlign=top;resIcon=mxgraph.aws4.s3;" vertex="1" parent="1">
          <mxGeometry x="440" y="180" width="80" height="80" as="geometry" />
        </mxCell>
        <mxCell id="qo1t-x4u3r40lfc5w6zC-4" value="CodeBuild" style="shape=mxgraph.aws4.codebuild;labelPosition=center;verticalLabelPosition=bottom;align=center;verticalAlign=top;resIcon=mxgraph.aws4.codebuild;" vertex="1" parent="1">
          <mxGeometry x="440" y="40" width="80" height="80" as="geometry" />
        </mxCell>
        <mxCell id="qo1t-x4u3r40lfc5w6zC-5" value="Elastic Beanstalk" style="shape=mxgraph.aws4.elastic_beanstalk;labelPosition=center;verticalLabelPosition=bottom;align=center;verticalAlign=top;resIcon=mxgraph.aws4.elastic_beanstalk;fillColor=#F58534;" vertex="1" parent="1">
          <mxGeometry x="600" y="80" width="120" height="120" as="geometry" />
        </mxCell>
        <mxCell id="qo1t-x4u3r40lfc5w6zC-6" value="" style="endArrow=classic;html=1;rounded=0;entryX=0;entryY=0.5;entryDx=0;entryDy=0;exitX=1;exitY=0.5;exitDx=0;exitDy=0;" edge="1" parent="1" source="qo1t-x4u3r40lfc5w6zC-1" target="qo1t-x4u3r40lfc5w6zC-2">
          <mxGeometry width="50" height="50" relative="1" as="geometry">
            <mxPoint x="190" y="160" as="sourcePoint" />
            <mxPoint x="240" y="110" as="targetPoint" />
          </mxGeometry>
        </mxCell>
        <mxCell id="qo1t-x4u3r40lfc5w6zC-7" value="" style="endArrow=classic;html=1;rounded=0;exitX=1;exitY=0.5;exitDx=0;exitDy=0;entryX=0;entryY=0.5;entryDx=0;entryDy=0;" edge="1" parent="1" source="qo1t-x4u3r40lfc5w6zC-2" target="qo1t-x4u3r40lfc5w6zC-4">
          <mxGeometry width="50" height="50" relative="1" as="geometry">
            <mxPoint x="390" y="150" as="sourcePoint" />
            <mxPoint x="440" y="100" as="targetPoint" />
          </mxGeometry>
        </mxCell>
        <mxCell id="qo1t-x4u3r40lfc5w6zC-8" value="" style="endArrow=classic;html=1;rounded=0;exitX=1;exitY=0.5;exitDx=0;exitDy=0;entryX=0;entryY=0.5;entryDx=0;entryDy=0;" edge="1" parent="1" source="qo1t-x4u3r40lfc5w6zC-4" target="qo1t-x4u3r40lfc5w6zC-5">
          <mxGeometry width="50" height="50" relative="1" as="geometry">
            <mxPoint x="530" y="110" as="sourcePoint" />
            <mxPoint x="580" y="160" as="targetPoint" />
          </mxGeometry>
        </mxCell>
        <mxCell id="qo1t-x4u3r40lfc5w6zC-9" value="" style="endArrow=classic;html=1;rounded=0;exitX=0.5;exitY=1;exitDx=0;exitDy=0;entryX=0.5;entryY=0;entryDx=0;entryDy=0;" edge="1" parent="1" source="qo1t-x4u3r40lfc5w6zC-2" target="qo1t-x4u3r40lfc5w6zC-3">
          <mxGeometry width="50" height="50" relative="1" as="geometry">
            <mxPoint x="370" y="200" as="sourcePoint" />
            <mxPoint x="420" y="150" as="targetPoint" />
          </mxGeometry>
        </mxCell>
      </root>
    </mxGraphModel>
  </diagram>
</mxfile>