{
  "module": "cloudposse/cicd/aws",
  "description": "Terraform module to create AWS CodePipeline with CodeBuild for CI/CD",
  "resources": {
    "aws_codepipeline": {
      "name": "default",
      "properties": {
        "enabled": true,
        "elastic_beanstalk_application_name": "<(Optional) Elastic Beanstalk application name>",
        "elastic_beanstalk_environment_name": "<(Optional) Elastic Beanstalk environment name>",
        "github_oauth_token": "(Required) <GitHub Oauth Token with permissions to access private repositories>",
        "repo_owner": "<GitHub Organization or Person name>",
        "repo_name": "<GitHub repository name of the application to be built and deployed to Elastic Beanstalk>",
        "branch": "<Branch of the GitHub repository>",
        "build_image": "aws/codebuild/standard:2.0",
        "build_compute_type": "BUILD_GENERAL1_SMALL",
        "privileged_mode": true,
        "region": "us-east-1",
        "aws_account_id": "xxxxxxxxxx",
        "image_repo_name": "ecr-repo-name",
        "image_tag": "latest",
         "environment_variables": [
          {
            "name": "JENKINS_URL",
            "value": "https://jenkins.example.com"
          },
          {
            "name": "COMPANY_NAME",
            "value": "Amazon"
          },
          {
            "name": "TIME_ZONE",
            "value": "Pacific/Auckland"
          }
        ]

      }
    },
    "aws_codepipeline_webhook": {
        "name": "default",
        "properties": {
            "webhook_enabled": false,
            "webhook_authentication": "GITHUB_HMAC"
        }

    },
    "aws_s3_bucket": {
      "name": "default",
      "properties": {
        "force_destroy": false,
        "versioning_enabled": true,
        "s3_bucket_encryption_enabled": true
      }
    },
    "aws_iam_role": {
      "name": "default"
    },
    "aws_iam_policy": {
      "name": "codebuild"
    },
    "aws_iam_policy": {
      "name": "default"
    },
    "aws_iam_policy": {
      "name": "s3"
    },
    "random_password":{
        "name": "webhook_secret"
    }
  },
  "modules": {
    "codebuild": {
      "source": "cloudposse/codebuild/aws",
      "version": "2.0.1"
    },
    "github_webhook": {
      "source": "cloudposse/repository-webhooks/github",
      "version": "0.12.1"
    },
    "this": {
      "source": "cloudposse/label/null",
      "version": "0.25.0"
    }
  }
}