<?xml version="1.0" encoding="UTF-8"?>
<mxfile host="app.diagrams.net" modified="2024-01-08T13:26:06.418Z" agent="Mozilla/5.0 (Windows NT 10.0; Win64; x64) AppleWebKit/537.36 (KHTML, like Gecko) Chrome/119.0.0.0 Safari/537.36 Edg/119.0.0.0" etag="63257nW_0m46w9hZ87P8" version="21.7.5" type="device">
  <diagram id="R2lEEEUBdFMjLlh3v0lP" name="Page-1">
    <mxGraphModel dx="1422" dy="794" grid="1" gridSize="10" guides="1" tooltips="1" connect="1" arrows="1" fold="1" page="1" pageScale="1" pageWidth="850" pageHeight="1100" math="0" shadow="0">
      <root>
        <mxCell id="0" />
        <mxCell id="1" parent="0" />
        <mxCell id="wiQ7_G4H9Y2gP90t65p5-1" value="VPC" style="shape=mxgraph.aws4.group_vpc;labelPosition=center;verticalLabelPosition=bottom;align=center;verticalAlign=top;strokeColor=#248814;fillColor=#FFFFFF;dashed=0;verticalAlign=bottom;whiteSpace=wrap;html=1;" parent="1" vertex="1">
          <mxGeometry x="80" y="40" width="680" height="500" as="geometry" />
        </mxCell>
        <mxCell id="wiQ7_G4H9Y2gP90t65p5-2" value="Public Subnet" style="shape=mxgraph.aws4.group_subnet;labelPosition=center;verticalLabelPosition=bottom;align=center;verticalAlign=top;strokeColor=#147EBA;fillColor=#E6FFED;dashed=0;verticalAlign=bottom;whiteSpace=wrap;html=1;" parent="wiQ7_G4H9Y2gP90t65p5-1" vertex="1">
          <mxGeometry x="40" y="80" width="280" height="360" as="geometry" />
        </mxCell>
        <mxCell id="wiQ7_G4H9Y2gP90t65p5-3" value="Private Subnet" style="shape=mxgraph.aws4.group_subnet;labelPosition=center;verticalLabelPosition=bottom;align=center;verticalAlign=top;strokeColor=#147EBA;fillColor=#E6FFED;dashed=0;verticalAlign=bottom;whiteSpace=wrap;html=1;" parent="wiQ7_G4H9Y2gP90t65p5-1" vertex="1">
          <mxGeometry x="360" y="80" width="280" height="360" as="geometry" />
        </mxCell>
        <mxCell id="wiQ7_G4H9Y2gP90t65p5-4" value="Internet Gateway" style="shape=mxgraph.aws4.internet_gateway;labelPosition=center;verticalLabelPosition=bottom;align=center;verticalAlign=top;strokeColor=none;fillColor=#F58534;dashed=0;verticalAlign=bottom;whiteSpace=wrap;html=1;" parent="wiQ7_G4H9Y2gP90t65p5-1" vertex="1">
          <mxGeometry x="120" y="120" width="80" height="80" as="geometry" />
        </mxCell>
        <mxCell id="wiQ7_G4H9Y2gP90t65p5-5" value="Route Table (Public)" style="shape=mxgraph.aws4.route_table;labelPosition=center;verticalLabelPosition=bottom;align=center;verticalAlign=top;strokeColor=#147EBA;fillColor=#E6FFED;dashed=0;verticalAlign=bottom;whiteSpace=wrap;html=1;" parent="wiQ7_G4H9Y2gP90t65p5-1" vertex="1">
          <mxGeometry x="100" y="240" width="80" height="80" as="geometry" />
        </mxCell>
        <mxCell id="wiQ7_G4H9Y2gP90t65p5-6" value="Route Table (Private)" style="shape=mxgraph.aws4.route_table;labelPosition=center;verticalLabelPosition=bottom;align=center;verticalAlign=top;strokeColor=#147EBA;fillColor=#E6FFED;dashed=0;verticalAlign=bottom;whiteSpace=wrap;html=1;" parent="wiQ7_G4H9Y2gP90t65p5-1" vertex="1">
          <mxGeometry x="440" y="240" width="80" height="80" as="geometry" />
        </mxCell>
        <mxCell id="wiQ7_G4H9Y2gP90t65p5-7" value="NAT Instance / ASG" style="shape=mxgraph.aws4.autoscaling;resIcon=mxgraph.aws4.ec2;labelPosition=center;verticalLabelPosition=bottom;align=center;verticalAlign=top;strokeColor=#D86613;fillColor=#FAEBDD;dashed=0;verticalAlign=bottom;whiteSpace=wrap;html=1;" parent="wiQ7_G4H9Y2gP90t65p5-2" vertex="1">
          <mxGeometry x="80" y="120" width="80" height="80" as="geometry" />
        </mxCell>
        <mxCell id="wiQ7_G4H9Y2gP90t65p5-8" value="" style="endArrow=classic;html=1;rounded=0;entryX=0.5;entryY=0;entryDx=0;entryDy=0;exitX=0.5;exitY=1;exitDx=0;exitDy=0;" parent="wiQ7_G4H9Y2gP90t65p5-1" source="wiQ7_G4H9Y2gP90t65p5-4" target="wiQ7_G4H9Y2gP90t65p5-5" edge="1">
          <mxGeometry width="50" height="50" relative="1" as="geometry">
            <mxPoint x="390" y="390" as="sourcePoint" />
            <mxPoint x="440" y="340" as="targetPoint" />
          </mxGeometry>
        </mxCell>
        <mxCell id="wiQ7_G4H9Y2gP90t65p5-9" value="" style="endArrow=classic;html=1;rounded=0;entryX=0;entryY=0.5;entryDx=0;entryDy=0;exitX=1;exitY=0.5;exitDx=0;exitDy=0;" parent="wiQ7_G4H9Y2gP90t65p5-1" source="wiQ7_G4H9Y2gP90t65p5-7" target="wiQ7_G4H9Y2gP90t65p5-6" edge="1">
          <mxGeometry width="50" height="50" relative="1" as="geometry">
            <mxPoint x="390" y="390" as="sourcePoint" />
            <mxPoint x="440" y="340" as="targetPoint" />
          </mxGeometry>
        </mxCell>
      </root>
    </mxGraphModel>
  </diagram>
</mxfile>