{
  "module": "fck-nat",
  "source": "git::https://github.com/RaJiska/terraform-aws-fck-nat.git",
  "variables": {
    "name": {
      "type": "string",
      "value": "my-fck-nat"
    },
    "vpc_id": {
      "type": "string",
      "value": "vpc-abc1234"
    },
    "subnet_id": {
      "type": "string",
      "value": "subnet-abc1234"
    },
    "ha_mode": {
      "type": "bool",
      "value": true
    },
    "eip_allocation_ids": {
      "type": "list(string)",
      "value": [
        "eipalloc-abc1234"
      ]
    },
    "use_cloudwatch_agent": {
      "type": "bool",
      "value": true
    },
    "update_route_tables": {
      "type": "bool",
      "value": true
    },
    "route_tables_ids": {
      "type": "map(string)",
      "value": {
        "your-rtb-name-A": "rtb-abc1234Foo",
        "your-rtb-name-B": "rtb-abc1234Bar"
      }
    }
  },
  "resources": {
    "aws_autoscaling_group": {
      "main": {}
    },
    "aws_iam_instance_profile": {
      "main": {}
    },
    "aws_iam_policy": {
      "main": {}
    },
    "aws_iam_role": {
      "main": {}
    },
    "aws_iam_role_policy_attachment": {
      "main": {}
    },
    "aws_instance": {
      "main": {}
    },
    "aws_launch_template": {
      "main": {}
    },
    "aws_network_interface": {
      "main": {}
    },
    "aws_route": {
      "main": {}
    },
    "aws_security_group": {
      "main": {}
    },
    "aws_ssm_parameter": {
      "cloudwatch_agent_config": {}
    }
  },
  "data_sources":{
    "aws_ami": {
      "main": {}
    },
    "aws_arn": {
      "ssm_param": {}
    },
    "aws_caller_identity": {
      "current": {}
    },
    "aws_iam_policy_document": {
      "instance_assume_role_policy": {},
      "main": {}
    },
    "aws_region": {
      "current": {}
    },
    "aws_vpc": {
      "main": {}
    },
    "cloudinit_config": {
      "this": {}
    }
  }
}