<?xml version="1.0" encoding="UTF-8"?>
<mxfile host="app.diagrams.net" modified="2024-01-03T17:45:06.144Z" agent="Mozilla/5.0 (Windows NT 10.0; Win64; x64) AppleWebKit/537.36 (KHTML, like Gecko) Chrome/118.0.0.0 Safari/537.36" etag="a1372q2h7n-s_T5T62B" version="21.7.2" type="device">
  <diagram id="R2lEEEUBdFMjLlhIrx00" name="Page-1">
    <mxGraphModel dx="2292" dy="1139" grid="1" gridSize="10" guides="1" tooltips="1" connect="1" arrows="1" fold="1" page="1" pageScale="1" pageWidth="850" pageHeight="1100" math="0" shadow="0">
      <root>
        <mxCell id="0" />
        <mxCell id="1" parent="0" />
        <mxCell id="qo7PrtiYSJPlwC26kc5T-1" value="VPC" style="shape=mxgraph.aws4.group_vpc;verticalAlign=top;align=left;spacingTop=30;dashed=0;fillColor=none;verticalLabelPosition=bottom;labelPosition=right;html=1;" vertex="1" parent="1">
          <mxGeometry x="40" y="40" width="780" height="720" as="geometry" />
        </mxCell>
        <mxCell id="qo7PrtiYSJPlwC26kc5T-2" value="Private Subnets" style="shape=mxgraph.aws4.group_subnet;verticalAlign=top;align=left;spacingTop=10;dashed=0;fillColor=none;verticalLabelPosition=bottom;labelPosition=right;html=1;" vertex="1" parent="qo7PrtiYSJPlwC26kc5T-1">
          <mxGeometry x="40" y="80" width="700" height="200" as="geometry" />
        </mxCell>
        <mxCell id="qo7PrtiYSJPlwC26kc5T-3" value="" style="shape=mxgraph.aws4.subnet_private;resIcon=mxgraph.aws4.ec2;dashed=0;fillColor=#E0FFEC;html=1;" vertex="1" parent="qo7PrtiYSJPlwC26kc5T-2">
          <mxGeometry x="20" y="40" width="180" height="120" as="geometry" />
        </mxCell>
        <mxCell id="qo7PrtiYSJPlwC26kc5T-4" value="" style="shape=mxgraph.aws4.subnet_private;resIcon=mxgraph.aws4.ec2;dashed=0;fillColor=#E0FFEC;html=1;" vertex="1" parent="qo7PrtiYSJPlwC26kc5T-2">
          <mxGeometry x="240" y="40" width="180" height="120" as="geometry" />
        </mxCell>
        <mxCell id="qo7PrtiYSJPlwC26kc5T-5" value="..." style="shape=mxgraph.aws4.subnet_private;resIcon=mxgraph.aws4.ec2;dashed=0;fillColor=#E0FFEC;html=1;" vertex="1" parent="qo7PrtiYSJPlwC26kc5T-2">
          <mxGeometry x="460" y="40" width="180" height="120" as="geometry" />
        </mxCell>
        <mxCell id="qo7PrtiYSJPlwC26kc5T-6" value="ECS Cluster" style="shape=mxgraph.aws4.ecs_cluster;verticalAlign=top;align=center;spacingTop=-5;html=1;dashed=0;fillColor=#F2F2F2;strokeColor=#666666;" vertex="1" parent="qo7PrtiYSJPlwC26kc5T-1">
          <mxGeometry x="40" y="320" width="700" height="160" as="geometry" />
        </mxCell>
        <mxCell id="qo7PrtiYSJPlwC26kc5T-7" value="ECS Service" style="shape=mxgraph.aws4.ecs_service;verticalAlign=top;align=left;spacingTop=-5;html=1;dashed=0;fillColor=#F2F2F2;strokeColor=#666666;" vertex="1" parent="qo7PrtiYSJPlwC26kc5T-6">
          <mxGeometry x="20" y="40" width="180" height="80" as="geometry" />
        </mxCell>
        <mxCell id="qo7PrtiYSJPlwC26kc5T-8" value="ECS Task Definition" style="shape=mxgraph.aws4.ecs_task_definition;verticalAlign=top;align=left;spacingTop=-5;html=1;dashed=0;fillColor=#F2F2F2;strokeColor=#666666;" vertex="1" parent="qo7PrtiYSJPlwC26kc5T-1">
          <mxGeometry x="40" y="520" width="180" height="80" as="geometry" />
        </mxCell>
        <mxCell id="qo7PrtiYSJPlwC26kc5T-10" value="IAM Task&lt;br&gt;Execution Role" style="shape=mxgraph.aws4.iam_role;verticalAlign=top;align=center;spacingTop=-5;html=1;dashed=0;fillColor=#F2F2F2;strokeColor=#666666;" vertex="1" parent="qo7PrtiYSJPlwC26kc5T-1">
          <mxGeometry x="500" y="520" width="120" height="80" as="geometry" />
        </mxCell>
        <mxCell id="qo7PrtiYSJPlwC26kc5T-11" value="IAM Task Role" style="shape=mxgraph.aws4.iam_role;verticalAlign=top;align=center;spacingTop=-5;html=1;dashed=0;fillColor=#F2F2F2;strokeColor=#666666;" vertex="1" parent="qo7PrtiYSJPlwC26kc5T-1">
          <mxGeometry x="280" y="520" width="120" height="80" as="geometry" />
        </mxCell>
        <mxCell id="qo7PrtiYSJPlwC26kc5T-12" value="CloudWatch&lt;br&gt;Log Group" style="shape=mxgraph.aws4.cloudwatch;verticalAlign=top;align=left;spacingTop=-5;html=1;dashed=0;fillColor=#F2F2F2;strokeColor=#666666;" vertex="1" parent="qo7PrtiYSJPlwC26kc5T-1">

          <mxGeometry x="40" y="640" width="180" height="80" as="geometry" />
        </mxCell>
        <mxCell id="qo7PrtiYSJPlwC26kc5T-13" value="" style="endArrow=classic;html=1;rounded=0;entryX=0.5;entryY=0;entryDx=0;entryDy=0;exitX=0.5;exitY=1;exitDx=0;exitDy=0;" edge="1" parent="qo7PrtiYSJPlwC26kc5T-1" source="qo7PrtiYSJPlwC26kc5T-8" target="qo7PrtiYSJPlwC26kc5T-12">
          <mxGeometry width="50" height="50" relative="1" as="geometry">
            <mxPoint x="130" y="620" as="sourcePoint" />
            <mxPoint x="180" y="570" as="targetPoint" />
          </mxGeometry>
        </mxCell>
        <mxCell id="qo7PrtiYSJPlwC26kc5T-14" value="Security Group" style="shape=mxgraph.aws4.security_group;verticalAlign=top;align=left;spacingTop=-5;html=1;dashed=0;fillColor=#F2F2F2;strokeColor=#666666;" vertex="1" parent="qo7PrtiYSJPlwC26kc5T-1">
          <mxGeometry x="280" y="640" width="180" height="80" as="geometry" />
        </mxCell>
        <mxCell id="qo7PrtiYSJPlwC26kc5T-15" value="Application&lt;br&gt;Load Balancer" style="shape=mxgraph.aws4.application_load_balancer;verticalAlign=top;align=left;spacingTop=-5;html=1;dashed=0;fillColor=#F2F2F2;strokeColor=#666666;" vertex="1" parent="qo7PrtiYSJPlwC26kc5T-1">
          <mxGeometry x="500" y="640" width="180" height="80" as="geometry" />
        </mxCell>
        <mxCell id="qo7PrtiYSJPlwC26kc5T-16" value="Target Group" style="shape=mxgraph.aws4.elastic_load_balancing;verticalAlign=top;align=left;spacingTop=-5;html=1;dashed=0;fillColor=#F2F2F2;strokeColor=#666666;" vertex="1" parent="qo7PrtiYSJPlwC26kc5T-1">
          <mxGeometry x="500" y="360" width="180" height="80" as="geometry" />
        </mxCell>
      </root>
    </mxGraphModel>
  </diagram>
</mxfile>