{
  "module": "umotif-public/ecs-fargate/aws",
  "version": "~> 6.1.0",
  "resources": {
    "aws_ecs_cluster": [
      {
        "name": "example-ecs-cluster",
        "setting": [
          {
            "name": "containerInsights",
            "value": "disabled"
          }
        ]
      }
    ],
    "aws_ecs_cluster_capacity_providers": [
      {
        "cluster_name": "example-ecs-cluster",
        "capacity_providers": ["FARGATE_SPOT", "FARGATE"],
        "default_capacity_provider_strategy": [
          {
            "capacity_provider": "FARGATE_SPOT"
          }
        ]
      }
    ],
    "aws_ecs_service": [
      {
        "name_prefix": "ecs-fargate-example",
        "cluster_id": "example-ecs-cluster",
        "vpc_id": "vpc-abasdasd132",
        "private_subnet_ids": ["subnet-abasdasd132123", "subnet-abasdasd132123132"],
        "desired_count": 1,
        "task_definition": "ecs-fargate-example",
        "load_balanced": true,
        "health_check_grace_period_seconds": 300,
        "deployment_minimum_healthy_percent": 50,
        "deployment_maximum_percent": 200,
        "enable_ecs_managed_tags": true,
        "propagate_tags": "TASK_DEFINITION",  "enable_execute_command": true,
        "capacity_provider_strategy": [],
        "force_new_deployment": false,
        "tags": {
          "Environment": "test",
          "Project": "Test"
        }
      }
    ],
    "aws_ecs_task_definition": [
      {
        "name_prefix": "ecs-fargate-example",
        "cpu": 256,
        "memory": 512,
        "container_definitions": {
          "image": "marcincuber/2048-game:latest",
          "cpu": 256,
          "memory": 512,
          "port": 80,
          "assign_public_ip": true,
            "health_check":{
                "port": "traffic-port",
                "path": "/"
            }
        },
        "tags": {
          "Environment": "test",
          "Project": "Test"
        }
      }
    ],
    "aws_lb_target_group": [
      {
        "target_group_name" : "tg-fargate-example",
        "container_port" : 80
      }
    ]
  }
}