<?xml version="1.0" encoding="UTF-8"?>
<mxfile host="app.diagrams.net" modified="2023-11-22T19:02:32.972Z" agent="Mozilla/5.0 (Macintosh; Intel Mac OS X 10_15_7) AppleWebKit/537.36 (KHTML, like Gecko) Chrome/119.0.0.0 Safari/537.36" etag="gD15bP_6569J6V8w3p29" version="21.6.8" type="device">
  <diagram id="R2lEEEUBdFM4ge9-Tmz_" name="Page-1">
    <mxGraphModel dx="1118" dy="717" grid="1" gridSize="10" guides="1" tooltips="1" connect="1" arrows="1" fold="1" page="1" pageScale="1" pageWidth="850" pageHeight="1100" math="0" shadow="0">
      <root>
        <mxCell id="0" />
        <mxCell id="1" parent="0" />
        <mxCell id="5o7_77cChd9b7LhY-B9I-1" value="VPC" style="shape=mxgraph.aws4.group_vpc;grIcon=mxgraph.aws4.vpc;strokeColor=#147EBA;fillColor=none;verticalAlign=top;align=left;spacingLeft=30;fontColor=#147EBA;dashed=0;labelPosition=right;verticalLabelPosition=top;spacingTop=-5;" parent="1" vertex="1">
          <mxGeometry x="40" y="40" width="780" height="600" as="geometry" />
        </mxCell>
        <mxCell id="5o7_77cChd9b7LhY-B9I-2" value="Private Subnet 1" style="shape=mxgraph.aws4.group_subnet;grIcon=mxgraph.aws4.subnet;strokeColor=#147EBA;fillColor=none;verticalAlign=top;align=left;spacingLeft=30;fontColor=#147EBA;dashed=0;labelPosition=right;verticalLabelPosition=top;spacingTop=-5;" parent="5o7_77cChd9b7LhY-B9I-1" vertex="1">
          <mxGeometry x="40" y="80" width="350" height="200" as="geometry" />
        </mxCell>
        <mxCell id="5o7_77cChd9b7LhY-B9I-3" value="Private Subnet 2" style="shape=mxgraph.aws4.group_subnet;grIcon=mxgraph.aws4.subnet;strokeColor=#147EBA;fillColor=none;verticalAlign=top;align=left;spacingLeft=30;fontColor=#147EBA;dashed=0;labelPosition=right;verticalLabelPosition=top;spacingTop=-5;" parent="5o7_77cChd9b7LhY-B9I-1" vertex="1">
          <mxGeometry x="410" y="80" width="330" height="200" as="geometry" />
        </mxCell>
        <mxCell id="5o7_77cChd9b7LhY-B9I-4" value="MWAA Environment" style="shape=mxgraph.aws4.managed_workflows_for_apache_airflow;resIcon=mxgraph.aws4.managed_workflows_for_apache_airflow;labelPosition=center;verticalLabelPosition=bottom;align=center;verticalAlign=top;strokeColor=#147EBA;fillColor=#E6F4F9;dashed=0;" parent="5o7_77cChd9b7LhY-B9I-1" vertex="1">
          <mxGeometry x="210" y="130" width="60" height="60" as="geometry" />
        </mxCell>
        <mxCell id="5o7_77cChd9b7LhY-B9I-5" value="S3 Bucket" style="shape=mxgraph.aws4.s3;resIcon=mxgraph.aws4.s3;labelPosition=center;verticalLabelPosition=bottom;align=center;verticalAlign=top;strokeColor=#147EBA;fillColor=#E6F4F9;dashed=0;" parent="1" vertex="1">
          <mxGeometry x="520" y="420" width="60" height="70" as="geometry" />
        </mxCell>
        <mxCell id="5o7_77cChd9b7LhY-B9I-6" value="IAM Role" style="shape=mxgraph.aws4.iam_role;resIcon=mxgraph.aws4.iam_role;labelPosition=center;verticalLabelPosition=bottom;align=center;verticalAlign=top;strokeColor=#147EBA;fillColor=#E6F4F9;dashed=0;" parent="1" vertex="1">
          <mxGeometry x="150" y="420" width="60" height="73" as="geometry" />
        </mxCell>
        <mxCell id="5o7_77cChd9b7LhY-B9I-7" value="Security Group" style="shape=mxgraph.aws4.security_group;resIcon=mxgraph.aws4.security_group;labelPosition=center;verticalLabelPosition=bottom;align=center;verticalAlign=top;strokeColor=#147EBA;fillColor=#E6F4F9;dashed=0;" parent="1" vertex="1">
          <mxGeometry x="300" y="420" width="63" height="66" as="geometry" />
        </mxCell>
        <mxCell id="5o7_77cChd9b7LhY-B9I-8" value="" style="endArrow=classic;html=1;rounded=0;entryX=0.5;entryY=0;entryDx=0;entryDy=0;exitX=0.5;exitY=1;exitDx=0;exitDy=0;" parent="1" source="5o7_77cChd9b7LhY-B9I-4" target="5o7_77cChd9b7LhY-B9I-7" edge="1">
          <mxGeometry width="50" height="50" relative="1" as="geometry">
            <mxPoint x="380" y="390" as="sourcePoint" />
            <mxPoint x="430" y="340" as="targetPoint" />
          </mxGeometry>
        </mxCell>
        <mxCell id="5o7_77cChd9b7LhY-B9I-9" value="" style="endArrow=classic;html=1;rounded=0;entryX=0.5;entryY=0;entryDx=0;entryDy=0;exitX=0.5;exitY=1;exitDx=0;exitDy=0;" parent="1" source="5o7_77cChd9b7LhY-B9I-4" target="5o7_77cChd9b7LhY-B9I-6" edge="1">
          <mxGeometry width="50" height="50" relative="1" as="geometry">
            <mxPoint x="250" y="370" as="sourcePoint" />
            <mxPoint x="300" y="320" as="targetPoint" />
          </mxGeometry>
        </mxCell>
        <mxCell id="5o7_77cChd9b7LhY-B9I-10" value="" style="endArrow=classic;html=1;rounded=0;entryX=0;entryY=0.5;entryDx=0;entryDy=0;exitX=1;exitY=0.5;exitDx=0;exitDy=0;" parent="1" source="5o7_77cChd9b7LhY-B9I-4" target="5o7_77cChd9b7LhY-B9I-5" edge="1">
          <mxGeometry width="50" height="50" relative="1" as="geometry">
            <mxPoint x="320" y="390" as="sourcePoint" />
            <mxPoint x="370" y="340" as="targetPoint" />
          </mxGeometry>
        </mxCell>
      </root>
    </mxGraphModel>
  </diagram>
</mxfile>