{
  "module": "aws-ia/mwaa/aws",
  "resources": {
    "aws_mwaa_environment": {
      "name": {
        "value": "basic-mwaa"
      },
      "airflow_version": {
        "value": "2.2.2"
      },
      "environment_class": {
        "value": "mw1.medium"
      },
      "vpc_id": {
        "value": "<ENTER_VPC_ID>"
      },
      "private_subnet_ids": {
        "value": [
          "<ENTER_SUBNET_ID1>",
          "<ENTER_SUBNET_ID2>"
        ]
      },
      "min_workers": {
        "value": 1
      },
      "max_workers": {
        "value": 25
      },
      "webserver_access_mode": {
        "value": "PUBLIC_ONLY"
      },
      "logging_configuration": {
        "value": {
          "dag_processing_logs": {
            "enabled": true,
            "log_level": "INFO"
          },
          "scheduler_logs": {
            "enabled": true,
            "log_level": "INFO"
          },
          "task_logs": {
            "enabled": true,
            "log_level": "INFO"
          },
          "webserver_logs": {
            "enabled": true,
            "log_level": "INFO"
          },
          "worker_logs": {
            "enabled": true,
            "log_level": "INFO"
          }
        }
      },
      "airflow_configuration_options": {
        "value": {
          "core.load_default_connections": "false",
          "core.load_examples": "false",
          "webserver.dag_default_view": "tree",
          "webserver.dag_orientation": "TB",
          "logging.logging_level": "INFO"
        }
      },
      "dag_s3_path": {
        "value": "dags"
      },
       "source_bucket_arn": {
         "value": null
       },
      "iam_role_additional_policies":{
        "value": {
          "additional-policy-1": "<ENTER_POLICY_ARN1>",
          "additional-policy-2": "<ENTER_POLICY_ARN2>"
        }
      }
    },
    "aws_s3_bucket": {},
    "aws_iam_role": {},
    "aws_security_group": {}
  }
}