<?xml version="1.0" encoding="UTF-8"?>
<mxfile host="app.diagrams.net" modified="2023-10-27T17:06:41.710Z" agent="Mozilla/5.0 (Windows NT 10.0; Win64; x64) AppleWebKit/537.36 (KHTML, like Gecko) Chrome/118.0.0.0 Safari/537.36" etag="p5qG3bG4n8eYk7v1aU8f" version="21.8.2" type="device">
  <diagram id="PgM3l0N9rOQm6NjlK79u" name="Page-1">
    <mxGraphModel dx="1422" dy="832" grid="1" gridSize="10" guides="1" tooltips="1" connect="1" arrows="1" fold="1" page="1" pageScale="1" pageWidth="850" pageHeight="1100" math="0" shadow="0">
      <root>
        <mxCell id="0" />
        <mxCell id="1" parent="0" />
        <mxCell id="k0m7vN4rK5v4B8-79e2F-2" value="Elasticsearch Domain" style="shape=mxgraph.aws4.elasticsearch_service;labelPosition=center;verticalLabelPosition=bottom;align=center;verticalAlign=top;resIcon=mxgraph.aws4.elasticsearch_service;strokeColor=#D79B00;fillColor=#F8CECC;" vertex="1" parent="1">
          <mxGeometry x="320" y="160" width="70" height="78" as="geometry" />
        </mxCell>
        <mxCell id="k0m7vN4rK5v4B8-79e2F-3" value="IAM Service Linked Role" style="shape=mxgraph.aws4.iam_role;labelPosition=center;verticalLabelPosition=bottom;align=center;verticalAlign=top;resIcon=mxgraph.aws4.iam_role;strokeColor=#D79B00;fillColor=#F8CECC;" vertex="1" parent="1">
          <mxGeometry x="120" y="170" width="60" height="70" as="geometry" />
        </mxCell>
        <mxCell id="k0m7vN4rK5v4B8-79e2F-4" value="" style="endArrow=classic;html=1;rounded=0;entryX=0;entryY=0.5;entryDx=0;entryDy=0;" edge="1" parent="1" target="k0m7vN4rK5v4B8-79e2F-2" source="k0m7vN4rK5v4B8-79e2F-3">
          <mxGeometry width="50" height="50" relative="1" as="geometry">
            <mxPoint x="160" y="170" as="sourcePoint" />
            <mxPoint x="280" y="210" as="targetPoint" />
          </mxGeometry>
        </mxCell>
        <mxCell id="k0m7vN4rK5v4B8-79e2F-5" value="IAM Policy Document\n(Conditional)" style="shape=mxgraph.aws4.iam_policy;labelPosition=center;verticalLabelPosition=bottom;align=center;verticalAlign=top;resIcon=mxgraph.aws4.iam_policy;strokeColor=#D79B00;fillColor=#F8CECC;" vertex="1" parent="1">
          <mxGeometry x="480" y="170" width="60" height="60" as="geometry" />
        </mxCell>
        <mxCell id="k0m7vN4rK5v4B8-79e2F-6" value="" style="endArrow=classic;html=1;rounded=0;exitX=1;exitY=0.5;exitDx=0;exitDy=0;" edge="1" parent="1" source="k0m7vN4rK5v4B8-79e2F-2" target="k0m7vN4rK5v4B8-79e2F-5">
          <mxGeometry width="50" height="50" relative="1" as="geometry">
            <mxPoint x="380" y="210" as="sourcePoint" />
            <mxPoint x="460" y="200" as="targetPoint" />
          </mxGeometry>
        </mxCell>
        <mxCell id="k0m7vN4rK5v4B8-79e2F-7" value="VPC" style="shape=mxgraph.aws4.group_vpc;labelPosition=center;verticalLabelPosition=bottom;align=center;verticalAlign=top;resIcon=mxgraph.aws4.group_vpc;strokeColor=#231F20;fillColor=#ffffff;dashed=1;verticalAlign=bottom;spacingTop=30;" vertex="1" parent="1">
          <mxGeometry x="100" y="320" width="500" height="200" as="geometry" />
        </mxCell>
        <mxCell id="k0m7vN4rK5v4B8-79e2F-8" value="Elasticsearch Domain (VPC)" style="shape=mxgraph.aws4.elasticsearch_service;labelPosition=center;verticalLabelPosition=bottom;align=center;verticalAlign=top;resIcon=mxgraph.aws4.elasticsearch_service;strokeColor=#D79B00;fillColor=#F8CECC;" vertex="1" parent="k0m7vN4rK5v4B8-79e2F-7">
          <mxGeometry x="180" y="70" width="70" height="78" as="geometry" />
        </mxCell>
        <mxCell id="k0m7vN4rK5v4B8-79e2F-9" value="IAM Policy Document" style="shape=mxgraph.aws4.iam_policy;labelPosition=center;verticalLabelPosition=bottom;align=center;verticalAlign=top;resIcon=mxgraph.aws4.iam_policy;strokeColor=#D79B00;fillColor=#F8CECC;" vertex="1" parent="k0m7vN4rK5v4B8-79e2F-7">
          <mxGeometry x="340" y="80" width="60" height="60" as="geometry" />
        </mxCell>
        <mxCell id="k0m7vN4rK5v4B8-79e2F-10" value="" style="endArrow=classic;html=1;rounded=0;exitX=1;exitY=0.5;exitDx=0;exitDy=0;" edge="1" parent="k0m7vN4rK5v4B8-79e2F-7" source="k0m7vN4rK5v4B8-79e2F-8" target="k0m7vN4rK5v4B8-79e2F-9">
          <mxGeometry width="50" height="50" relative="1" as="geometry">
            <mxPoint x="250" y="120" as="sourcePoint" />
            <mxPoint x="340" y="110" as="targetPoint" />
          </mxGeometry>
        </mxCell>
        <mxCell id="k0m7vN4rK5v4B8-79e2F-12" value="Subnets/Security Groups" style="shape=mxgraph.aws4.group_security_group;labelPosition=center;verticalLabelPosition=bottom;align=center;verticalAlign=top;resIcon=mxgraph.aws4.group_security_group;strokeColor=#231F20;fillColor=#ffffff;dashed=1;verticalAlign=bottom;spacingTop=-5;" vertex="1" parent="k0m7vN4rK5v4B8-79e2F-7">
          <mxGeometry x="40" y="30" width="440" height="120" as="geometry" />
        </mxCell>
      </root>
    </mxGraphModel>
  </diagram>
</mxfile>