{
  "resource_type": "aws_elasticsearch_domain",
  "module_source": "git::https://github.com/terraform-community-modules/tf_aws_elasticsearch.git?ref=v1.1.0",
  "properties": {
    "domain_name": {
      "type": "string",
      "description": "Domain name for Elasticsearch cluster",
      "default": "es-domain"
    },
    "domain_prefix": {
      "type": "string",
      "description": "String to be prefixed to search domain. Default: tf-",
      "default": "tf-"
    },
    "use_prefix": {
      "type": "bool",
      "description": "Flag indicating whether or not to use the domain_prefix. Default: true",
      "default": true
    },    
    "instance_type": {
      "type": "string",
      "description": "ES instance type for data nodes in the cluster (default t2.small.elasticsearch)",
      "default": "t2.small.elasticsearch"
    },
    "instance_count": {
      "type": "number",
      "description": "Number of data nodes in the cluster (default 6)",
      "default": 6
    },
    "dedicated_master_type": {
      "type": "string",
      "description": "ES instance type to be used for dedicated masters (default same as instance_type)",
      "default": "false"
    },
    "dedicated_master_threshold": {
      "type": "number",
      "description": "The number of instances above which dedicated master nodes will be used. Default: 10",
      "default": 10
    },
    "es_zone_awareness": {
      "type": "bool",
      "description": "Enable zone awareness for Elasticsearch cluster (default false)",
      "default": false
    },
    "es_zone_awareness_count": {
      "type": "number",
      "description": "Number of availability zones used for data nodes (default 2)",
      "default": 2
    },
    "ebs_volume_size": {
      "type": "number",
      "description": "Optionally use EBS volumes for data storage by specifying volume size in GB (default 0)",
      "default": 0
    },
    "ebs_volume_type": {
      "type": "string",
      "description": "Storage type of EBS volumes, if used (default gp2)",
      "default": "gp2"
    },
    "es_version": {
      "type": "string",
      "description": "Version of Elasticsearch to deploy (default 5.1)",
      "default": "5.1"
    },
    "snapshot_start_hour": {
      "type": "number",
      "description": "Hour at which automated snapshots are taken, in UTC (default 0)",
      "default": 0
    },
    "encrypt_at_rest": {
      "type": "bool",
      "description": "Enable encrption at rest (only specific instance family types support it: m4, c4, r4, i2, i3 default: false)",
      "default": false
    },
    "kms_key_id": {
      "type": "string",
      "description": "KMS key used for elasticsearch",
      "default": ""
    },
    "node_to_node_encryption_enabled": {
      "type": "bool",
      "description": "Whether to enable node-to-node encryption.",
      "default": false
    },
    "enforce_https": {
      "type": "bool",
      "description": "Whether or not to require HTTPS.",
      "default": false
    },
    "tls_security_policy": {
      "type": "string",
      "description": "The name of the TLS security policy that needs to be applied to the HTTPS endpoint. Example values: Policy-Min-TLS-1-0-2019-07 and Policy-Min-TLS-1-2-2019-07. Terraform will only perform drift detection if a configuration value is provided.",
      "default": null
    },
    "advanced_options": {
      "type": "map(string)",
      "description": "Map of key-value string pairs to specify advanced configuration options. Note that the values for these configuration options must be strings (wrapped in quotes) or they may be wrong and cause a perpetual diff, causing Terraform to want to recreate your Elasticsearch domain on every apply.",
      "default": {}
    },
    "log_publishing_options": {
      "type": "list(map(string))",
      "description": "List of maps of options for publishing slow logs to CloudWatch Logs.",
      "default": []
    },
    "vpc_options": {
      "type": "map(list(string))",
      "description": "A map of supported vpc options",
      "default": {
        "security_group_ids": [],
        "subnet_ids": []
      }
    },
    "management_public_ip_addresses": {
      "type": "list(string)",
      "description": "List of IP addresses from which to permit management traffic (default []).  Note that a client must match both the IP address and the IAM role patterns in order to be permitted access.",
      "default": []
    },
    "management_iam_roles": {
      "type": "list(string)",
      "description": "List of IAM role ARNs from which to permit management traffic (default ['*']).  Note that a client must match both the IP address and the IAM role patterns in order to be permitted access.",
      "default": [
        "*"
      ]
    },
    "create_iam_service_linked_role": {
      "type": "bool",
      "description": "Whether to create IAM service linked role for AWS ElasticSearch service. Can be only one per AWS account.",
      "default": true
    },
    "tags": {
      "type": "map(string)",
      "description": "tags to apply to all resources",
      "default": {}
    }
  }
}