<?xml version="1.0" encoding="UTF-8"?>
<mxfile host="app.diagrams.net" modified="2024-01-08T17:00:00.657Z" agent="Mozilla/5.0 (Windows NT 10.0; Win64; x64) AppleWebKit/537.36 (KHTML, like Gecko) Chrome/119.0.0.0 Safari/537.36" etag="Z-V48P4oL7c1hW4g0R64" version="22.0.4" type="device">
  <diagram id="pYHS4H8j4cQWVZ5kI2oF" name="Page-1">
    <mxGraphModel dx="1422" dy="794" grid="1" gridSize="10" guides="1" tooltips="1" connect="1" arrows="1" fold="1" page="1" pageScale="1" pageWidth="850" pageHeight="1100" math="0" shadow="0">
      <root>
        <mxCell id="0" />
        <mxCell id="1" parent="0" />
        <mxCell id="2" value="KMS" style="shape=mxgraph.aws4.key_management_service;html=1;verticalLabelPosition=bottom;labelBackgroundColor=#ffffff;verticalAlign=top;align=center;strokeColor=none;fillColor=#FF9900;resIcon=mxgraph.aws4.kms;" vertex="1" parent="1">
          <mxGeometry x="210" y="210" width="78" height="78" as="geometry" />
        </mxCell>
        <mxCell id="3" value="IAM Role (Lambda)" style="shape=mxgraph.aws4.iam_role;html=1;verticalLabelPosition=bottom;labelBackgroundColor=#ffffff;verticalAlign=top;align=center;strokeColor=none;fillColor=#D86613;resIcon=mxgraph.aws4.iam_role;" vertex="1" parent="1">
          <mxGeometry x="440" y="220" width="60" height="60" as="geometry" />
        </mxCell>
        <mxCell id="4" value="Grant" style="endArrow=classic;html=1;rounded=0;" edge="1" parent="1" source="2" target="3">
          <mxGeometry width="50" height="50" relative="1" as="geometry">
            <mxPoint x="390" y="280" as="sourcePoint" />
            <mxPoint x="440" y="230" as="targetPoint" />
          </mxGeometry>
        </mxCell>
        <mxCell id="5" value="Alias" style="shape=note;whiteSpace=wrap;html=1;backgroundOutline=1;darkOpacity=0.05;" vertex="1" parent="1">
          <mxGeometry x="100" y="150" width="80" height="40" as="geometry" />
        </mxCell>
        <mxCell id="6" value="" style="endArrow=classic;html=1;rounded=0;entryX=0.5;entryY=1;entryDx=0;entryDy=0;" edge="1" parent="1" source="2" target="5">
          <mxGeometry width="50" height="50" relative="1" as="geometry">
            <mxPoint x="210" y="200" as="sourcePoint" />
            <mxPoint x="450" y="250" as="targetPoint" />
          </mxGeometry>
        </mxCell>
        <mxCell id="7" value="Policy" style="shape=note;whiteSpace=wrap;html=1;backgroundOutline=1;darkOpacity=0.05;" vertex="1" parent="1">
          <mxGeometry x="200" y="330" width="80" height="40" as="geometry" />
        </mxCell>
        <mxCell id="8" value="" style="endArrow=classic;html=1;rounded=0;exitX=0.5;exitY=1;exitDx=0;exitDy=0;" edge="1" parent="1" source="2" target="7">
          <mxGeometry width="50" height="50" relative="1" as="geometry">
            <mxPoint x="250" y="290" as="sourcePoint" />
            <mxPoint x="490" y="290" as="targetPoint" />
          </mxGeometry>
        </mxCell>
      </root>
    </mxGraphModel>
  </diagram>
</mxfile>