{
  "module": "kms",
  "source": "terraform-aws-modules/kms/aws",
  "resources": [
    {
      "type": "aws_kms_key",
      "name": "this",
      "properties": {
        "description": {
          "type": "string",
          "optional": true
        },
        "deletion_window_in_days": {
          "type": "number",
          "optional": true
        },
        "enable_key_rotation": {
          "type": "bool",
          "optional": true
        },
        "is_enabled": {
          "type": "bool",
          "optional": true
        },
        "key_usage": {
          "type": "string",
          "optional": true
        },
        "multi_region": {
          "type": "bool",
          "optional": true
        },
        "bypass_policy_lockout_safety_check": {
          "type": "bool",
          "optional": true
        },
        "custom_key_store_id": {
          "type": "string",
          "optional": true
        },
        "customer_master_key_spec": {
          "type": "string",
          "optional": true
        },
        "key_spec": {
            "type": "string",
            "optional": true
          },
        "policy": {
          "type": "string",
          "optional": true
        },
        "rotation_period_in_days": {
             "type": "number",
            "optional": true
           },
        "tags": {
          "type": "map(string)",
          "optional": true
        }
      }
    },
    {
      "type": "aws_kms_external_key",
      "name": "this",
      "properties": {
        "description": {
          "type": "string",
          "optional": true
        },
        "key_material_base64": {
          "type": "string",
          "optional": true
        },
        "valid_to": {
          "type": "string",
          "optional": true
        },
          "primary_external_key_arn": {
            "type": "string",
             "optional": true
        },
        "tags": {
          "type": "map(string)",
          "optional": true
        }


      },
      "condition": "create_external"
    },
      {
      "type": "aws_kms_replica_key",
      "name": "this",
      "properties": {
          "primary_key_arn": {
            "type": "string",
            "optional": true
        },
        "tags": {
          "type": "map(string)",
          "optional": true
        }


      },
      "condition": "create_replica"
    },
    {
      "type": "aws_kms_replica_external_key",
      "name": "this",
      "properties": {
           "primary_external_key_arn": {
            "type": "string",
             "optional": true
        },
        "tags": {
          "type": "map(string)",
          "optional": true
        }


      },
      "condition": "create_replica_external"
    },
    {
      "type": "aws_kms_alias",
      "name": "this",
      "properties": {
        "name": {
          "type": "string"
        },
         "target_key_arn": {
          "type": "string"
        },
         "target_key_id": {
          "type": "string"
        }
      },
       "for_each": [ "aliases", "computed_aliases" ]

    },
    {
      "type": "aws_kms_grant",
      "name": "this",
      "properties": {
        "grantee_principal": {
          "type": "string"
        },
        "operations": {
          "type": "list(string)"
        },
        "constraints": {
          "type": "list(object({ encryption_context_equals = optional(map(string)), encryption_context_subset = optional(map(string)) }))",
          "optional": true
        },
        "grant_creation_tokens": {
             "type": "list(string)",
            "optional": true
           },
         "key_id": {
          "type": "string"
        },
         "name": {
          "type": "string",
          "optional": true
        },
          "retire_on_delete": {
           "type": "bool",
           "optional": true
          },
          "retiring_principal": {
           "type": "string",
           "optional": true
          }
      },
      "for_each": "grants"
    }
  ],
  "data_sources":[
     {
       "type": "aws_iam_policy_document",
       "name": "this",
       "properties":{
         "override_policy_documents": {
           "type": "list(string)"
         },
         "source_policy_documents": {
           "type": "list(string)"
         },
           "policy_id": {
            "type": "string",
            "optional": true
           },
            "statements": {
            "type": "list(object({ sid = optional(string), actions = optional(list(string)), not_actions = optional(list(string)), effect = optional(string), resources = optional(list(string)), not_resources = optional(list(string)), principals = optional(list(object({ type = string, identifiers = list(string) }))), not_principals = optional(list(object({ type = string, identifiers = list(string) }))), condition = optional(list(object({ test = string, values = list(string), variable = string }))) }))",
            "optional": true
           },
           "version": {
            "type": "string",
            "optional": true
           }

       }
     }
  ],
  "variables": {
    "aliases": {
      "type": "list(string)",
      "default": []
    },
    "aliases_use_name_prefix": {
      "type": "bool",
      "default": false
    },
    "computed_aliases": {
      "type": "map(object({ name = string }))",
      "default": {}
    },
        "create": {
      "type": "bool",
      "default": true
    },
      "create_external": {
      "type": "bool",
      "default": false
    },
      "create_replica": {
      "type": "bool",
      "default": false
    },
        "create_replica_external": {
      "type": "bool",
      "default": false
    },
    "enable_default_policy": {
      "type": "bool",
      "default": true
    },
    "enable_route53_dnssec": {
       "type": "bool",
       "default": false
     },
      "grants": {
       "type": "map(object({ constraints = optional(list(object({ encryption_context_equals = optional(map(string)), encryption_context_subset = optional(map(string)) }))), grant_creation_tokens = optional(list(string)), grantee_principal = string, name = optional(string), operations = list(string), retire_on_delete = optional(bool), retiring_principal = optional(string) }))",
        "optional": true

     },
    "key_administrators": {
      "type": "list(string)",
      "default": []
    },
         "key_asymmetric_public_encryption_users": {
          "type": "list(string)",
          "default": []
        },
          "key_asymmetric_sign_verify_users": {
           "type": "list(string)",
          "default": []
        },
          "key_hmac_users": {
           "type": "list(string)",
           "default": []
        },
    "key_owners": {
      "type": "list(string)",
      "default": []
    },
    "key_service_roles_for_autoscaling": {
      "type": "list(string)",
      "default": []
    },
    "key_service_users": {
      "type": "list(string)",
      "default": []
    },
        "key_statements":{
         "type": "list(object({ sid = optional(string), actions = optional(list(string)), not_actions = optional(list(string)), effect = optional(string), resources = optional(list(string)), not_resources = optional(list(string)), principals = optional(list(object({ type = string, identifiers = list(string) }))), not_principals = optional(list(object({ type = string, identifiers = list(string) }))), condition = optional(list(object({ test = string, values = list(string), variable = string }))) }))",
         "optional": true
        },
     "key_symmetric_encryption_users": {
       "type": "list(string)",
       "default": []
     },
      "key_users": {
        "type": "list(string)",
        "default": []
      },
     "multi_region": {
       "type": "bool",
       "default": false
     },
       "override_policy_documents": {
           "type": "list(string)",
           "default": []
      },
      "region": {
         "type": "string",
         "optional": true
       },
          "route53_dnssec_sources": {
          "type": "list(object({ account_ids = optional(list(string)), hosted_zone_arn = optional(string) }))",
           "optional": true
         },
         "source_policy_documents": {
          "type": "list(string)",
          "default": []
         },
    "tags": {
      "type": "map(string)",
      "default": {}
    }
  }
}