<?xml version="1.0" encoding="UTF-8"?>
<mxfile host="app.diagrams.net" modified="2023-11-21T18:06:14.920Z" agent="Mozilla/5.0 (Windows NT 10.0; Win64; x64) AppleWebKit/537.36 (KHTML, like Gecko) Chrome/119.0.0.0 Safari/537.36" etag="W0a4f03g-d1h2f3a9a1F" version="21.6.8" type="device">
  <diagram id="R2lEEEUBdFMjLlhneByW" name="Page-1">
    <mxGraphModel dx="1422" dy="794" grid="1" gridSize="10" guides="1" tooltips="1" connect="1" arrows="1" fold="1" page="1" pageScale="1" pageWidth="850" pageHeight="1100" math="0" shadow="0">
      <root>
        <mxCell id="0" />
        <mxCell id="1" parent="0" />
        <mxCell id="e_r0yQ9M49uN_N1gK3U5-1" value="VPC" style="shape=mxgraph.aws4.group_vpc;grIcon=mxgraph.aws4.vpc;strokeColor=#147EBA;fillColor=none;verticalAlign=top;align=left;spacingLeft=30;dashed=0;verticalLabelPosition=bottom;labelPosition=right;fontSize=12;fontColor=#147EBA;html=1;" parent="1" vertex="1">
          <mxGeometry x="80" y="80" width="680" height="500" as="geometry" />
        </mxCell>
        <mxCell id="e_r0yQ9M49uN_N1gK3U5-2" value="Public Subnets" style="shape=mxgraph.aws4.group_subnet;grIcon=mxgraph.aws4.public_subnet;strokeColor=#147EBA;fillColor=none;verticalAlign=top;align=left;spacingLeft=30;verticalLabelPosition=bottom;labelPosition=right;fontSize=12;fontColor=#147EBA;html=1;" parent="e_r0yQ9M49uN_N1gK3U5-1" vertex="1">
          <mxGeometry x="40" y="80" width="280" height="200" as="geometry" />
        </mxCell>
        <mxCell id="e_r0yQ9M49uN_N1gK3U5-3" value="ECS Cluster" style="shape=mxgraph.aws4.ecs_cluster;resIcon=mxgraph.aws4.ecs;strokeColor=#D86613;fillColor=#F58536;verticalAlign=top;align=center;fontSize=12;fontColor=#ffffff;html=1;" parent="e_r0yQ9M49uN_N1gK3U5-2" vertex="1">
          <mxGeometry x="40" y="80" width="120" height="60" as="geometry" />
        </mxCell>
        <mxCell id="e_r0yQ9M49uN_N1gK3U5-4" value="ECS Service" style="shape=mxgraph.aws4.ecs_service;resIcon=mxgraph.aws4.ecs;strokeColor=#D86613;fillColor=#F58536;verticalAlign=top;align=center;fontSize=12;fontColor=#ffffff;html=1;" parent="e_r0yQ9M49uN_N1gK3U5-2" vertex="1">
          <mxGeometry x="180" y="80" width="120" height="60" as="geometry" />
        </mxCell>
        <mxCell id="e_r0yQ9M49uN_N1gK3U5-5" value="S3 Bucket" style="shape=mxgraph.aws4.s3;resIcon=mxgraph.aws4.s3;strokeColor=#231F20;fillColor=#F0A30A;verticalAlign=top;align=center;fontSize=12;fontColor=#ffffff;html=1;" parent="1" vertex="1">
          <mxGeometry x="500" y="200" width="120" height="60" as="geometry" />
        </mxCell>
        <mxCell id="e_r0yQ9M49uN_N1gK3U5-6" value="CodePipeline" style="shape=mxgraph.aws4.codepipeline;resIcon=mxgraph.aws4.codepipeline;strokeColor=#D86613;fillColor=#F58536;verticalAlign=top;align=center;fontSize=12;fontColor=#ffffff;html=1;" parent="1" vertex="1">
          <mxGeometry x="220" y="420" width="120" height="60" as="geometry" />
        </mxCell>
        <mxCell id="e_r0yQ9M49uN_N1gK3U5-7" value="CodeBuild" style="shape=mxgraph.aws4.codebuild;resIcon=mxgraph.aws4.codebuild;strokeColor=#D86613;fillColor=#F58536;verticalAlign=top;align=center;fontSize=12;fontColor=#ffffff;html=1;" parent="1" vertex="1">
          <mxGeometry x="400" y="420" width="120" height="60" as="geometry" />
        </mxCell>
        <mxCell id="e_r0yQ9M49uN_N1gK3U5-8" value="IAM Role" style="shape=mxgraph.aws4.iam_role;resIcon=mxgraph.aws4.iam;strokeColor=#D86613;fillColor=#F58536;verticalAlign=top;align=center;fontSize=12;fontColor=#ffffff;html=1;" parent="1" vertex="1">
          <mxGeometry x="620" y="420" width="120" height="60" as="geometry" />
        </mxCell>
        <mxCell id="e_r0yQ9M49uN_N1gK3U5-9" value="" style="endArrow=classic;html=1;rounded=0;entryX=0.5;entryY=0;entryDx=0;entryDy=0;exitX=0.5;exitY=1;exitDx=0;exitDy=0;" parent="1" source="e_r0yQ9M49uN_N1gK3U5-6" target="e_r0yQ9M49uN_N1gK3U5-7" edge="1">
          <mxGeometry width="50" height="50" relative="1" as="geometry">
            <mxPoint x="390" y="510" as="sourcePoint" />
            <mxPoint x="440" y="460" as="targetPoint" />
          </mxGeometry>
        </mxCell>
        <mxCell id="e_r0yQ9M49uN_N1gK3U5-10" value="" style="endArrow=classic;html=1;rounded=0;exitX=1;exitY=0.5;exitDx=0;exitDy=0;entryX=0;entryY=0.5;entryDx=0;entryDy=0;" parent="1" source="e_r0yQ9M49uN_N1gK3U5-7" target="e_r0yQ9M49uN_N1gK3U5-8" edge="1">
          <mxGeometry width="50" height="50" relative="1" as="geometry">
            <mxPoint x="390" y="510" as="sourcePoint" />
            <mxPoint x="440" y="460" as="targetPoint" />
          </mxGeometry>
        </mxCell>
        <mxCell id="e_r0yQ9M49uN_N1gK3U5-11" value="GitHub" style="shape=mxgraph.generic.github;strokeColor=#231F20;fillColor=#ffffff;html=1;" parent="1" vertex="1">
          <mxGeometry x="40" y="420" width="120" height="60" as="geometry" />
        </mxCell>
        <mxCell id="e_r0yQ9M49uN_N1gK3U5-12" value="" style="endArrow=classic;html=1;rounded=0;entryX=0;entryY=0.5;entryDx=0;entryDy=0;exitX=1;exitY=0.5;exitDx=0;exitDy=0;" parent="1" source="e_r0yQ9M49uN_N1gK3U5-11" target="e_r0yQ9M49uN_N1gK3U5-6" edge="1">
          <mxGeometry width="50" height="50" relative="1" as="geometry">
            <mxPoint x="390" y="510" as="sourcePoint" />
            <mxPoint x="440" y="460" as="targetPoint" />
          </mxGeometry>
        </mxCell>
      </root>
    </mxGraphModel>
  </diagram>
</mxfile>