{
  "module": "cloudposse/ecs-codepipeline/aws",
  "resources": {
    "aws_codepipeline": {
      "create_two_codepipelines": true,
      "names": ["default", "bitbucket"],
      "webhook": {
        "authentication": "GITHUB_HMAC",
        "enabled": true,
        "events": ["push"],
        "filter": {
            "json_path": "$.ref",
            "match_equals": "refs/heads/{Branch}"
         },
         "target_action": "Source"
      },
      "github": {
        "oauth_token": "xxxxxxxxxxxxxx",
        "webhooks_token": "xxxxxxxxxxxxxx",
        "repo_owner": "cloudposse",
        "repo_name": "example",
        "branch": "master"
      },
      "codebuild": {
        "buildspec": "buildspec.yaml",
        "privileged_mode": true,
        "aws_account_id": 123456789012,
        "image_repo_name": "example",
        "region": "us-west-2",
        "ecs_cluster_name": "eg-staging-example-cluster",
        "service_name": "example",
        "env_vars": [
            {"name": "AWS_ACCOUNT_ID", "value": "123456789012", "type": "PLAINTEXT"},
            {"name": "IMAGE_REPO_NAME", "value": "example", "type": "PLAINTEXT"},
            {"name": "AWS_REGION", "value": "us-west-2", "type": "PLAINTEXT"},
            {"name": "AWS_DEFAULT_REGION", "value": "us-west-2", "type": "PLAINTEXT"},
            {"name": "CONTAINER_NAME", "value": "example", "type": "PLAINTEXT"}
         ],
        "vpc_config": {},
        "compute_type": "BUILD_GENERAL1_SMALL",
        "build_image": "aws/codebuild/amazonlinux2-x86_64-standard:5.0",
        "timeout": 60,
        "cache": {
            "type": "S3",
            "bucket_suffix_enabled": true
        }
      }      
    },
    "aws_s3_bucket": {
      "create_bucket": true,
      "force_destroy": false
    },
    "aws_iam_role": {
      "name": "default",
      "assume_role_policy": {}
    },
    "aws_iam_policy": {
        "names": ["default", "codebuild", "codestar", "s3"]
    },
    "aws_iam_role_policy_attachment": {
        "names": ["default", "codebuild", "codebuild_codestar", "codebuild_extras", "codebuild_s3", "codestar", "s3"]
    },
    "random_string": {
       "webhook_secret": { "length": 16, "special": true }
    }    
  },
  "data": {
    "aws_caller_identity": {
      "name": "default"
    },
    "aws_region": {
      "name": "default"
    },
    "aws_iam_policy_document": {
       "names": ["assume_role", "codebuild", "codestar", "default", "s3"]
    }
  },
  "variables": {
    "name": "app",
    "namespace": "eg",
    "stage": "staging"
  }
}