<?xml version="1.0" encoding="UTF-8"?>
<mxfile host="app.diagrams.net" modified="2023-10-27T21:14:00.198Z" agent="Mozilla/5.0 (Windows NT 10.0; Win64; x64) AppleWebKit/537.36 (KHTML, like Gecko) Chrome/118.0.0.0 Safari/537.36 Edg/118.0.2088.46" etag="uK54D-p987K0gY0bY_yB" version="21.5.2" type="device">
  <diagram id="R2lEEEUBdFM4eFUAwMcF" name="Page-1">
    <mxGraphModel dx="1050" dy="577" grid="1" gridSize="10" guides="1" tooltips="1" connect="1" arrows="1" fold="1" page="1" pageScale="1" pageWidth="850" pageHeight="1100" math="0" shadow="0">
      <root>
        <mxCell id="0" />
        <mxCell id="1" parent="0" />
        <mxCell id="m1CdTWp1zs75z-V53R8K-1" value="AWS Region" style="shape=mxgraph.aws4.region;labelPosition=center;verticalLabelPosition=bottom;align=center;verticalAlign=top;resIcon=mxgraph.aws4.region;" parent="1" vertex="1">
          <mxGeometry x="80" y="40" width="680" height="560" as="geometry" />
        </mxCell>
        <mxCell id="m1CdTWp1zs75z-V53R8K-2" value="DynamoDB Table 1" style="shape=mxgraph.aws4.dynamodb_table;labelPosition=center;verticalLabelPosition=bottom;align=center;verticalAlign=top;resIcon=mxgraph.aws4.dynamodb_table;" parent="m1CdTWp1zs75z-V53R8K-1" vertex="1">
          <mxGeometry x="40" y="80" width="200" height="120" as="geometry" />
        </mxCell>
        <mxCell id="m1CdTWp1zs75z-V53R8K-3" value="DynamoDB Table 2" style="shape=mxgraph.aws4.dynamodb_table;labelPosition=center;verticalLabelPosition=bottom;align=center;verticalAlign=top;resIcon=mxgraph.aws4.dynamodb_table;" parent="m1CdTWp1zs75z-V53R8K-1" vertex="1">
          <mxGeometry x="40" y="280" width="200" height="120" as="geometry" />
        </mxCell>
        <mxCell id="m1CdTWp1zs75z-V53R8K-4" value="DynamoDB Autoscaling" style="shape=mxgraph.aws4.application_autoscaling;labelPosition=center;verticalLabelPosition=bottom;align=center;verticalAlign=top;resIcon=mxgraph.aws4.application_autoscaling;" parent="m1CdTWp1zs75z-V53R8K-1" vertex="1">
          <mxGeometry x="440" y="140" width="160" height="120" as="geometry" />
        </mxCell>
        <mxCell id="m1CdTWp1zs75z-V53R8K-5" value="" style="endArrow=classic;html=1;rounded=0;exitX=1;exitY=0.5;entryX=0;entryY=0.5;entryDx=0;entryDy=0;" parent="m1CdTWp1zs75z-V53R8K-1" source="m1CdTWp1zs75z-V53R8K-2" target="m1CdTWp1zs75z-V53R8K-4" edge="1">
          <mxGeometry width="50" height="50" relative="1" as="geometry">
            <mxPoint x="390" y="190" as="sourcePoint" />
            <mxPoint x="440" y="140" as="targetPoint" />
          </mxGeometry>
        </mxCell>
      </root>
    </mxGraphModel>
  </diagram>
</mxfile>