{
  "module": "cloudposse/dynamodb/aws",
  "resources": {
    "aws_dynamodb_table": {
      "name": "default",
      "properties": {
        "namespace": "eg",
        "stage": "dev",
        "name": "cluster",
        "hash_key": "HashKey",
        "range_key": "RangeKey",
        "autoscale_write_target": 50,
        "autoscale_read_target": 50,
        "autoscale_min_read_capacity": 5,
        "autoscale_max_read_capacity": 20,
        "autoscale_min_write_capacity": 5,
        "autoscale_max_write_capacity": 20,
        "enable_autoscaler": true,
        "dynamodb_attributes": [
          {
            "name": "DailyAverage",
            "type": "N"
          },
          {
            "name": "HighWater",
            "type": "N"
          },
          {
            "name": "Timestamp",
            "type": "S"
          }
        ],
        "local_secondary_index_map": [
          {
            "name": "TimestampSortIndex",
            "range_key": "Timestamp",
            "projection_type": "INCLUDE",
            "non_key_attributes": [
              "HashKey",
              "RangeKey"
            ]
          },
          {
            "name": "HighWaterIndex",
            "range_key": "Timestamp",
            "projection_type": "INCLUDE",
            "non_key_attributes": [
              "HashKey",
              "RangeKey"
            ]
          }
        ],
        "global_secondary_index_map": [
          {
            "name": "DailyAverageIndex",
            "hash_key": "DailyAverage",
            "range_key": "HighWater",
            "write_capacity": 5,
            "read_capacity": 5,
            "projection_type": "INCLUDE",
            "non_key_attributes": [
              "HashKey",
              "RangeKey"
            ]
          }
        ],
        "replicas": ["us-east-1"],
                "billing_mode": "PROVISIONED",
        "deletion_protection_enabled": false,
        "enable_encryption": true,
        "enable_point_in_time_recovery": true,
        "enable_streams": false,
        "hash_key_type": "S",
        "range_key_type": "S",
        "server_side_encryption_kms_key_arn": null,
        "stream_view_type": "",
        "table_class": "STANDARD",
        "table_name": null,
        "tags_enabled": true,
        "ttl_attribute": "Expires",
        "ttl_enabled": true

      }
    },
        "null_resource": {
            "global_secondary_index_names": {},
            "local_secondary_index_names": {}
        },

    "aws_dynamodb_table_replica": {
      "count": 1,
      "properties": {
        "replicas": ["us-east-1"]
      }
    },
    "cloudposse_dynamodb_autoscaler": {
      "properties": {
        "enable_autoscaler": true
      }
    }
  }
}