<?xml version="1.0" encoding="UTF-8"?>
<mxfile host="app.diagrams.net" modified="2023-12-07T18:24:41.902Z" agent="Mozilla/5.0 (Windows NT 10.0; Win64; x64) AppleWebKit/537.36 (KHTML, like Gecko) Chrome/119.0.0.0 Safari/537.36" etag="8oK85eP5t72a45Y16_vI" version="22.1.3" type="device">
  <diagram name="Page-1" id="e7e01546-9b2b-169b-842f-84e78f571803">
    <mxGraphModel dx="1422" dy="794" grid="1" gridSize="10" guides="1" tooltips="1" connect="1" arrows="1" fold="1" page="1" pageScale="1" pageWidth="1169" pageHeight="826" background="#ffffff" math="0" shadow="0">
      <root>
        <mxCell id="0" />
        <mxCell id="1" parent="0" />
        <mxCell id="wafv2_web_acl_main" value="wafv2_web_acl.main" style="shape=mxgraph.aws4.security_waf;resIcon=mxgraph.aws4.security_waf;labelPosition=center;verticalLabelPosition=bottom;align=center;verticalAlign=top;" parent="1" vertex="1">
          <mxGeometry x="400" y="240" width="70" height="70" as="geometry" />
        </mxCell>
        <mxCell id="alb_wafv2_web_acl_association_main" value="wafv2_web_acl_association.main" style="shape=mxgraph.aws4.network_elastic_load_balancing;resIcon=mxgraph.aws4.network_elastic_load_balancing;labelPosition=center;verticalLabelPosition=bottom;align=center;verticalAlign=top;" parent="1" vertex="1">
          <mxGeometry x="200" y="240" width="70" height="78.5" as="geometry" />
        </mxCell>
        <mxCell id="alb_wafv2_web_acl_association_alb_list" value="wafv2_web_acl_association.alb_list" style="shape=mxgraph.aws4.network_elastic_load_balancing;resIcon=mxgraph.aws4.network_elastic_load_balancing;labelPosition=center;verticalLabelPosition=bottom;align=center;verticalAlign=top;" parent="1" vertex="1">
          <mxGeometry x="200" y="360" width="70" height="78.5" as="geometry" />
        </mxCell>
        <mxCell id="wafv2_web_acl_logging_configuration_main" value="wafv2_web_acl_logging_configuration.main" style="shape=mxgraph.aws4.analytics_kinesis_firehose;resIcon=mxgraph.aws4.analytics_kinesis_firehose;labelPosition=center;verticalLabelPosition=bottom;align=center;verticalAlign=top;" parent="1" vertex="1">
          <mxGeometry x="600" y="240" width="70" height="70" as="geometry" />
        </mxCell>
        <mxCell id="wafv2_web_acl_logging_configuration_main-wafv2_web_acl_main" value="" style="endArrow=classic;html=1;rounded=0;entryX=0;entryY=0.5;entryDx=0;entryDy=0;exitX=1;exitY=0.5;exitDx=0;exitDy=0;" parent="1" source="wafv2_web_acl_main" target="wafv2_web_acl_logging_configuration_main" edge="1">
          <mxGeometry width="50" height="50" relative="1" as="geometry">
            <mxPoint x="500" y="260" as="sourcePoint" />
            <mxPoint x="550" y="210" as="targetPoint" />
          </mxGeometry>
        </mxCell>
        <mxCell id="alb_wafv2_web_acl_association_main-wafv2_web_acl_main" value="" style="endArrow=classic;html=1;rounded=0;entryX=0;entryY=0.5;entryDx=0;entryDy=0;exitX=1;exitY=0.5;exitDx=0;exitDy=0;" parent="1" source="alb_wafv2_web_acl_association_main" target="wafv2_web_acl_main" edge="1">
          <mxGeometry width="50" height="50" relative="1" as="geometry">
            <mxPoint x="300" y="280" as="sourcePoint" />
            <mxPoint x="350" y="230" as="targetPoint" />
          </mxGeometry>
        </mxCell>
        <mxCell id="alb_wafv2_web_acl_association_alb_list-wafv2_web_acl_main" value="" style="endArrow=classic;html=1;rounded=0;entryX=0;entryY=0.5;entryDx=0;entryDy=0;exitX=1;exitY=0.5;exitDx=0;exitDy=0;" parent="1" source="alb_wafv2_web_acl_association_alb_list" target="wafv2_web_acl_main" edge="1">
          <mxGeometry width="50" height="50" relative="1" as="geometry">
            <mxPoint x="300" y="399.25" as="sourcePoint" />
            <mxPoint x="400" y="275" as="targetPoint" />
          </mxGeometry>
        </mxCell>
      </root>
    </mxGraphModel>
  </diagram>
</mxfile>