{
  "resource_type": "aws_wafv2_web_acl",
  "name": "main",
  "properties": {
    "name_prefix": "test-waf-setup",
    "scope": "REGIONAL",
    "description": null,
    "allow_default_action": true,
    "visibility_config": {
      "metric_name": "test-waf-setup-waf-main-metrics"
    },
    "rules": [
      {
        "name": "AWSManagedRulesCommonRuleSet-rule-1",
        "priority": 1,
        "override_action": "none",
        "visibility_config": {
          "metric_name": "AWSManagedRulesCommonRuleSet-metric"
        },
        "managed_rule_group_statement": {
          "name": "AWSManagedRulesCommonRuleSet",
          "vendor_name": "AWS",
          "rule_action_overrides": [
            {
              "name": "SizeRestrictions_QUERYSTRING",
              "action_to_use": {
                "count": {}
              }
            },
            {
              "name": "SizeRestrictions_BODY",
              "action_to_use": {
                "count": {}
              }
            },
            {
              "name": "GenericRFI_QUERYARGUMENTS",
              "action_to_use": {
                "count": {}
              }
            }
          ]
        }
      },
      {
        "name": "AWSManagedRulesKnownBadInputsRuleSet-rule-2",
        "priority": 2,
        "override_action": "count",
        "visibility_config": {
          "metric_name": "AWSManagedRulesKnownBadInputsRuleSet-metric"
        },
        "managed_rule_group_statement": {
          "name": "AWSManagedRulesKnownBadInputsRuleSet",
          "vendor_name": "AWS"
        }
      },
      {
        "name": "AWSManagedRulesPHPRuleSet-rule-3",
        "priority": 3,
        "override_action": "none",
        "visibility_config": {
          "cloudwatch_metrics_enabled": false,
          "metric_name": "AWSManagedRulesPHPRuleSet-metric",
          "sampled_requests_enabled": false
        },
        "managed_rule_group_statement": {
          "name": "AWSManagedRulesPHPRuleSet",
          "vendor_name": "AWS"
        }
      },
      {
        "name": "ByteMatchRule-4",
        "priority": 4,
        "action": "count",
        "visibility_config": {
          "cloudwatch_metrics_enabled": false,
          "metric_name": "ByteMatchRule-metric",
          "sampled_requests_enabled": false
        },
        "byte_match_statement": {
          "field_to_match": {
            "uri_path": {}
          },
          "positional_constraint": "STARTS_WITH",
          "search_string": "/path/to/match",
          "text_transformation": "NONE"
        }
      },
                {
        "name": "GeoMatchRule-5",
        "priority": 5,
        "action": "allow",
        "visibility_config": {
          "cloudwatch_metrics_enabled": false,
          "metric_name": "GeoMatchRule-metric",
          "sampled_requests_enabled": false
        },
        "geo_match_statement": {
          "country_codes": ["NL", "GB", "US"]
        }
      },
       {
          "name": "BodySizeConstraint",
          "priority": 0,
          "action": "count",
          "visibility_config": {
            "cloudwatch_metrics_enabled": true,
            "metric_name": "BodySizeConstraint",
            "sampled_requests_enabled": true
          },
          "size_constraint_statement": {
            "field_to_match": {
              "body": "{}"
            },
            "comparison_operator": "GT",
            "size": 8192,
            "text_transformation": "NONE"
          }
        }
    ],
    "tags": {
      "Name": "test-waf-setup",
      "Env": "test"
    },
        "create_alb_association" : true
  },
    "associations": [
    {
      "resource_type": "aws_wafv2_web_acl_association",
      "name": "main",
      "properties": {
        "web_acl_arn": "${aws_wafv2_web_acl.main.arn}",
        "resource_arn": "${module.alb.arn}"
      }
    }
  ]
}