<?xml version="1.0" encoding="UTF-8"?>
<mxfile host="app.diagrams.net" modified="2023-11-22T02:08:17.036Z" agent="5.0 (Windows NT 10.0; Win64; x64) AppleWebKit/537.36 (KHTML, like Gecko) Chrome/119.0.0.0 Safari/537.36" etag="z0rXjE81-o45g870p350" version="21.6.8" type="device">
  <diagram id="R2l73t2_957o0pKt-a-9" name="Page-1">
    <mxGraphModel dx="1050" dy="572" grid="1" gridSize="10" guides="1" tooltips="1" connect="1" arrows="1" fold="1" page="1" pageScale="1" pageWidth="850" pageHeight="1100" math="0" shadow="0">
      <root>
        <mxCell id="0" />
        <mxCell id="1" parent="0" />
        <mxCell id="zW2H4Tq-O2i0H_CBUk-M-1" value="VPC" style="rounded=0;whiteSpace=wrap;html=1;fillColor=#E6FFCC;strokeColor=#99CC00;verticalAlign=top;align=left;spacingTop=3;fontSize=12;fontColor=#000000;dashed=1;" parent="1" vertex="1">
          <mxGeometry x="40" y="40" width="770" height="480" as="geometry" />
        </mxCell>
        <mxCell id="zW2H4Tq-O2i0H_CBUk-M-2" value="Public Subnet" style="rounded=0;whiteSpace=wrap;html=1;fillColor=#CCFFFF;strokeColor=#006699;verticalAlign=top;align=left;spacingTop=3;fontSize=12;fontColor=#000000;dashed=1;" parent="1" vertex="1">
          <mxGeometry x="60" y="80" width="350" height="200" as="geometry" />
        </mxCell>
        <mxCell id="zW2H4Tq-O2i0H_CBUk-M-3" value="Private Subnet" style="rounded=0;whiteSpace=wrap;html=1;fillColor=#CCFFFF;strokeColor=#006699;verticalAlign=top;align=left;spacingTop=3;fontSize=12;fontColor=#000000;dashed=1;" parent="1" vertex="1">
          <mxGeometry x="440" y="80" width="350" height="200" as="geometry" />
        </mxCell>
        <mxCell id="zW2H4Tq-O2i0H_CBUk-M-4" value="" style="shape=mxgraph.aws4.ec2;resIcon=mxgraph.aws4.ec2;labelPosition=center;verticalLabelPosition=bottom;align=center;verticalAlign=top;fontSize=12;fontColor=#000000;html=1;" parent="1" vertex="1">
          <mxGeometry x="160" y="140" width="60" height="66" as="geometry" />
        </mxCell>
        <mxCell id="zW2H4Tq-O2i0H_CBUk-M-5" value="NAT Instance" style="text;html=1;strokeColor=none;fillColor=none;align=center;verticalAlign=middle;whiteSpace=wrap;rounded=0;fontSize=12;fontColor=#000000;" parent="1" vertex="1">
          <mxGeometry x="145" y="210" width="80" height="30" as="geometry" />
        </mxCell>
        <mxCell id="zW2H4Tq-O2i0H_CBUk-M-6" value="" style="shape=mxgraph.aws4.elastic_ip_address;resIcon=mxgraph.aws4.elastic_ip_address;labelPosition=center;verticalLabelPosition=bottom;align=center;verticalAlign=top;fontSize=12;fontColor=#000000;html=1;" parent="1" vertex="1">
          <mxGeometry x="90" y="150" width="40" height="40" as="geometry" />
        </mxCell>
        <mxCell id="zW2H4Tq-O2i0H_CBUk-M-7" value="EIP" style="text;html=1;strokeColor=none;fillColor=none;align=center;verticalAlign=middle;whiteSpace=wrap;rounded=0;fontSize=12;fontColor=#000000;" parent="1" vertex="1">
          <mxGeometry x="85" y="190" width="50" height="30" as="geometry" />
        </mxCell>
        <mxCell id="zW2H4Tq-O2i0H_CBUk-M-9" value="" style="shape=mxgraph.aws4.ec2;resIcon=mxgraph.aws4.ec2;labelPosition=center;verticalLabelPosition=bottom;align=center;verticalAlign=top;fontSize=12;fontColor=#000000;html=1;" parent="1" vertex="1">
          <mxGeometry x="540" y="140" width="60" height="66" as="geometry" />
        </mxCell>
        <mxCell id="zW2H4Tq-O2i0H_CBUk-M-10" value="Private Instance" style="text;html=1;strokeColor=none;fillColor=none;align=center;verticalAlign=middle;whiteSpace=wrap;rounded=0;fontSize=12;fontColor=#000000;" parent="1" vertex="1">
          <mxGeometry x="525" y="210" width="90" height="30" as="geometry" />
        </mxCell>
        <mxCell id="zW2H4Tq-O2i0H_CBUk-M-11" value="Internet Gateway" style="shape=mxgraph.aws4.internet_gateway;resIcon=mxgraph.aws4.internet_gateway;labelPosition=center;verticalLabelPosition=bottom;align=center;verticalAlign=top;fontSize=12;fontColor=#000000;html=1;" parent="1" vertex="1">
          <mxGeometry x="150" y="330" width="70" height="70" as="geometry" />
        </mxCell>
        <mxCell id="zW2H4Tq-O2i0H_CBUk-M-12" value="Route Table\n(Private)" style="shape=mxgraph.aws4.route_table;resIcon=mxgraph.aws4.route_table;labelPosition=center;verticalLabelPosition=bottom;align=center;verticalAlign=top;fontSize=12;fontColor=#000000;html=1;" parent="1" vertex="1">
          <mxGeometry x="540" y="320" width="60" height="60" as="geometry" />
        </mxCell>
        <mxCell id="zW2H4Tq-O2i0H_CBUk-M-14" style="edgeStyle=orthogonalEdgeStyle;rounded=0;orthogonalLoop=1;jettySize=auto;html=1;exitX=0.5;exitY=1;exitDx=0;exitDy=0;entryX=0.5;entryY=0;entryDx=0;entryDy=0;endArrow=classic;endFill=1;fontSize=12;fontColor=#000000;" parent="1" source="zW2H4Tq-O2i0H_CBUk-M-4" target="zW2H4Tq-O2i0H_CBUk-M-11" edge="1">
          <mxGeometry relative="1" as="geometry" />
        </mxCell>
        <mxCell id="zW2H4Tq-O2i0H_CBUk-M-15" value="0.0.0.0/0" style="text;html=1;strokeColor=none;fillColor=none;align=center;verticalAlign=middle;whiteSpace=wrap;rounded=0;fontSize=12;fontColor=#000000;" parent="1" vertex="1">
          <mxGeometry x="155" y="290" width="60" height="30" as="geometry" />
        </mxCell>
        <mxCell id="zW2H4Tq-O2i0H_CBUk-M-17" style="edgeStyle=orthogonalEdgeStyle;rounded=0;orthogonalLoop=1;jettySize=auto;html=1;exitX=0.5;exitY=1;exitDx=0;exitDy=0;endArrow=classic;endFill=1;fontSize=12;fontColor=#000000;" parent="1" source="zW2H4Tq-O2i0H_CBUk-M-9" target="zW2H4Tq-O2i0H_CBUk-M-12" edge="1">
          <mxGeometry relative="1" as="geometry">
            <mxPoint x="570" y="310" as="targetPoint" />
          </mxGeometry>
        </mxCell>
        <mxCell id="zW2H4Tq-O2i0H_CBUk-M-18" value="0.0.0.0/0 -&gt; NAT" style="text;html=1;strokeColor=none;fillColor=none;align=center;verticalAlign=middle;whiteSpace=wrap;rounded=0;fontSize=12;fontColor=#000000;" parent="1" vertex="1">
          <mxGeometry x="520" y="280" width="100" height="30" as="geometry" />
        </mxCell>
      </root>
    </mxGraphModel>
  </diagram>
</mxfile>