<?xml version="1.0" encoding="UTF-8"?>
<mxfile host="app.diagrams.net" modified="2023-11-22T18:37:06.230Z" agent="Mozilla/5.0 (Windows NT 10.0; Win64; x64) AppleWebKit/537.36 (KHTML, like Gecko) Chrome/119.0.0.0 Safari/537.36" etag="p1y-dO-c0c97d85Y7iF1" version="22.1.3" type="device">
  <diagram name="Page-1" id="e7e0159a-f28f-3a1f-94c2-8875d30dd62d">
    <mxGraphModel dx="1434" dy="829" grid="1" gridSize="10" guides="1" tooltips="1" connect="1" arrows="1" fold="1" page="1" pageScale="1" pageWidth="850" pageHeight="1100" background="#ffffff" math="0" shadow="0">
      <root>
        <mxCell id="0" />
        <mxCell id="1" parent="0" />
        <mxCell id="vpc" value="VPC" style="shape=mxgraph.aws4.group_vpc;labelPosition=center;verticalLabelPosition=middle;align=center;verticalAlign=top;spacingTop=25;resIcon=mxgraph.aws4.vpc;strokeColor=#248814;fillColor=#ffffff;verticalAlign=middle;whiteSpace=wrap;html=1;" vertex="1" parent="1">
          <mxGeometry x="120" y="80" width="620" height="570" as="geometry" />
        </mxCell>
        <mxCell id="subnet_group" value="DB Subnet Group" style="shape=mxgraph.aws4.group_db_subnet_group;labelPosition=center;verticalLabelPosition=middle;align=center;verticalAlign=top;spacingTop=25;resIcon=mxgraph.aws4.db_subnet_group;strokeColor=#147eba;fillColor=#ffffff;verticalAlign=middle;whiteSpace=wrap;html=1;" vertex="1" parent="vpc">
          <mxGeometry x="40" y="140" width="540" height="390" as="geometry" />
        </mxCell>
        <mxCell id="subnet1" value="Subnet 1" style="shape=mxgraph.aws4.ec2_subnet_public;resIcon=mxgraph.aws4.ec2_subnet_public;labelPosition=center;verticalLabelPosition=bottom;align=center;verticalAlign=top;strokeColor=#147eba;fillColor=#ffffff;verticalAlign=middle;whiteSpace=wrap;html=1;" vertex="1" parent="subnet_group">
          <mxGeometry x="60" y="100" width="120" height="80" as="geometry" />
        </mxCell>
        <mxCell id="subnet2" value="Subnet 2" style="shape=mxgraph.aws4.ec2_subnet_public;resIcon=mxgraph.aws4.ec2_subnet_public;labelPosition=center;verticalLabelPosition=bottom;align=center;verticalAlign=top;strokeColor=#147eba;fillColor=#ffffff;verticalAlign=middle;whiteSpace=wrap;html=1;" vertex="1" parent="subnet_group">
          <mxGeometry x="220" y="100" width="120" height="80" as="geometry" />
        </mxCell>
        <mxCell id="subnet3" value="Subnet 3" style="shape=mxgraph.aws4.ec2_subnet_public;resIcon=mxgraph.aws4.ec2_subnet_public;labelPosition=center;verticalLabelPosition=bottom;align=center;verticalAlign=top;strokeColor=#147eba;fillColor=#ffffff;verticalAlign=middle;whiteSpace=wrap;html=1;" vertex="1" parent="subnet_group">
          <mxGeometry x="380" y="100" width="120" height="80" as="geometry" />
        </mxCell>
        <mxCell id="rds_cluster" value="RDS Cluster" style="shape=mxgraph.aws4.rds_db_instance;resIcon=mxgraph.aws4.rds_db_instance;labelPosition=center;verticalLabelPosition=bottom;align=center;verticalAlign=top;strokeColor=#147eba;fillColor=#ffffff;verticalAlign=middle;whiteSpace=wrap;html=1;" vertex="1" parent="subnet_group">
          <mxGeometry x="145" y="230" width="100" height="100" as="geometry" />
        </mxCell>
        <mxCell id="rds_instance1" value="RDS Instance 1" style="shape=mxgraph.aws4.rds_db_instance;resIcon=mxgraph.aws4.rds_db_instance;labelPosition=center;verticalLabelPosition=bottom;align=center;verticalAlign=top;strokeColor=#147eba;fillColor=#ffffff;verticalAlign=middle;whiteSpace=wrap;html=1;" vertex="1" parent="subnet1">
          <mxGeometry x="20" y="20" width="80" height="60" as="geometry" />
        </mxCell>
        <mxCell id="rds_instance2" value="RDS Instance 2" style="shape=mxgraph.aws4.rds_db_instance;resIcon=mxgraph.aws4.rds_db_instance;labelPosition=center;verticalLabelPosition=bottom;align=center;verticalAlign=top;strokeColor=#147eba;fillColor=#ffffff;verticalAlign=middle;whiteSpace=wrap;html=1;" vertex="1" parent="subnet2">
          <mxGeometry x="20" y="20" width="80" height="60" as="geometry" />
        </mxCell>
        <mxCell id="security_group" value="Security Group" style="shape=mxgraph.aws4.ec2_security_group_closed;resIcon=mxgraph.aws4.ec2_security_group_closed;labelPosition=center;verticalLabelPosition=bottom;align=center;verticalAlign=top;strokeColor=#147eba;fillColor=#ffffff;verticalAlign=middle;whiteSpace=wrap;html=1;" vertex="1" parent="1">
          <mxGeometry x="260" y="680" width="80" height="80" as="geometry" />
        </mxCell>
        <mxCell id="iam_role" value="IAM Role&#xa;(Enhanced Monitoring)" style="shape=mxgraph.aws4.iam_role;resIcon=mxgraph.aws4.iam_role;labelPosition=center;verticalLabelPosition=bottom;align=center;verticalAlign=top;strokeColor=#d79b00;fillColor=#ffffff;verticalAlign=middle;whiteSpace=wrap;html=1;" vertex="1" parent="1">
          <mxGeometry x="460" y="680" width="80" height="80" as="geometry" />
        </mxCell>
        <mxCell id="route53" value="Route53" style="shape=mxgraph.aws4.route_53;resIcon=mxgraph.aws4.route_53;labelPosition=center;verticalLabelPosition=bottom;align=center;verticalAlign=top;strokeColor=#d79b00;fillColor=#ffffff;verticalAlign=middle;whiteSpace=wrap;html=1;" vertex="1" parent="1">
          <mxGeometry x="660" y="680" width="80" height="80" as="geometry" />
        </mxCell>
      </root>
    </mxGraphModel>
  </diagram>
</mxfile>