{
  "module": "cloudposse/rds-cluster/aws",
  "resources": {
    "aws_rds_cluster": {
      "primary": {
        "engine": "aurora",
        "cluster_family": "aurora5.6",
        "cluster_size": 2,
        "name": "db",
        "admin_user": "admin1",
        "admin_password": "Test123456789",
        "db_name": "dbname",
        "db_port": 3306,
        "instance_type": "db.t2.small",
        "vpc_id": "vpc-xxxxxxxx",
        "security_groups": [
          "sg-xxxxxxxx"
        ],
        "subnets": [
          "subnet-xxxxxxxx",
          "subnet-xxxxxxxx"
        ],
        "zone_id": "Zxxxxxxxx",
        "cluster_parameters": []

      },
      "secondary": {},
      "properties": {
        "activity_stream_enabled": false,
        "allow_major_version_upgrade": false,
        "apply_immediately": true,
        "auto_minor_version_upgrade": true,
        "backup_window": "07:00-09:00",        
        "copy_tags_to_snapshot": false,
        "deletion_protection": false,
        "egress_enabled": true,
        "enable_http_endpoint": false,
        "enabled_cloudwatch_logs_exports": [],
        "engine_mode": "provisioned",
        "iam_database_authentication_enabled": false,
        "intra_security_group_traffic_enabled": false,
        "maintenance_window": "wed:03:00-wed:04:00",
        "manage_admin_user_password": false,
        "network_type": "IPV4",
        "parameter_group_name_prefix_enabled": true,
        "performance_insights_enabled": false,
        "publicly_accessible": false,        
        "rds_monitoring_interval": 0,
        "retention_period": 5,        
        "skip_final_snapshot": true,
        "storage_encrypted": false,        
        "use_reserved_instances": false

      }
    },
    "aws_rds_cluster_instance": {
      "default": {}
    },
    "aws_db_parameter_group": {
      "default": {}
    },
    "aws_db_subnet_group": {
      "default": {}
    },
    "aws_rds_cluster_parameter_group": {
      "default": {}
    },    
    "aws_security_group": {
      "default": {
        "egress": {},
        "ingress": {}
      }
    },
    "aws_security_group_rule": {
      "egress": {},
      "ingress_cidr_blocks": {},
      "ingress_security_groups": {},
      "traffic_inside_security_group": {}
    },
    "aws_appautoscaling_policy": {
      "replicas": {}
    },
    "aws_appautoscaling_target": {
      "replicas": {}
    },
    "aws_iam_role": {
      "enhanced_monitoring": {
        "assume_role_policy": {}
      }
    },
    "aws_iam_role_policy_attachment": {
      "enhanced_monitoring": {
        "policy_arn": "arn:aws:iam::aws:policy/service-role/AmazonRDSEnhancedMonitoringRole"
      }
    },
    "random_pet": {
      "instance": {}
    },
    "aws_rds_reserved_instance": {
      "default": {}
    },
    "aws_rds_cluster_activity_stream": {
        "primary": {}
    }

  },
  "data_sources":{
        "aws_iam_policy_document":{
            "enhanced_monitoring":{}
        },
        "aws_rds_reserved_instance_offering":{
            "default":{}
        }
  },
  "modules":{
        "dns_master": {
            "source": "cloudposse/route53-cluster-hostname/aws",
            "version": "0.13.0"
        },
        "dns_replicas":{
            "source": "cloudposse/route53-cluster-hostname/aws",
            "version": "0.13.0"
        }
  },
  "variables": {
    "name": "postgres",
    "engine": "aurora-postgresql",
    "cluster_family": "aurora-postgresql9.6",
    "cluster_size": 2,
    "namespace": "eg",
    "stage": "dev",
    "admin_user": "admin1",
    "admin_password": "Test123456789",
    "db_name": "dbname",
    "db_port": 5432,
    "instance_type": "db.r4.large",
    "vpc_id": "vpc-xxxxxxxx",
    "security_groups": [
      "sg-xxxxxxxx"
    ],
    "subnets": [
      "subnet-xxxxxxxx",
      "subnet-xxxxxxxx"
    ],
    "zone_id": "Zxxxxxxxx"
  }
}