<?xml version="1.0" encoding="UTF-8"?>
<mxfile host="app.diagrams.net" modified="2024-01-03T14:00:08.714Z" agent="Mozilla/5.0 (Windows NT 10.0; Win64; x64) AppleWebKit/537.36 (KHTML, like Gecko) Chrome/118.0.0.0 Safari/537.36" etag="N8T6y89e7T-V7u3k_uQ1" version="21.6.8" type="device">
  <diagram id="R7_lN4eLEpH_q_2V_Y94" name="Page-1">
    <mxGraphModel dx="1434" dy="828" grid="1" gridSize="10" guides="1" tooltips="1" connect="1" arrows="1" fold="1" page="1" pageScale="1" pageWidth="850" pageHeight="1100" math="0" shadow="0">
      <root>
        <mxCell id="0" />
        <mxCell id="1" parent="0" />
        <mxCell id="s6m4rY_H39f5bVq3q6dN-1" value="AWS Region" style="shape=mxgraph.aws4.region;labelPosition=center;verticalLabelPosition=bottom;align=center;verticalAlign=top;strokeColor=#ffffff;fillColor=none;" vertex="1" parent="1">
          <mxGeometry x="10" y="10" width="810" height="650" as="geometry" />
        </mxCell>
        <mxCell id="s6m4rY_H39f5bVq3q6dN-2" value="Step Function" style="shape=mxgraph.aws4.step_functions;labelPosition=center;verticalLabelPosition=bottom;align=center;verticalAlign=top;resIcon=mxgraph.aws4.step_functions;" vertex="1" parent="s6m4rY_H39f5bVq3q6dN-1">
          <mxGeometry x="200" y="180" width="70" height="70" as="geometry" />
        </mxCell>
        <mxCell id="s6m4rY_H39f5bVq3q6dN-3" value="IAM Role" style="shape=mxgraph.aws4.iam_role;labelPosition=center;verticalLabelPosition=bottom;align=center;verticalAlign=top;resIcon=mxgraph.aws4.iam_role;" vertex="1" parent="s6m4rY_H39f5bVq3q6dN-1">
          <mxGeometry x="400" y="180" width="70" height="75" as="geometry" />
        </mxCell>
        <mxCell id="s6m4rY_H39f5bVq3q6dN-4" value="CloudWatch Log Group" style="shape=mxgraph.aws4.cloudwatch;labelPosition=center;verticalLabelPosition=bottom;align=center;verticalAlign=top;resIcon=mxgraph.aws4.cloudwatch;" vertex="1" parent="s6m4rY_H39f5bVq3q6dN-1">
          <mxGeometry x="200" y="360" width="70" height="70" as="geometry" />
        </mxCell>
        <mxCell id="s6m4rY_H39f5bVq3q6dN-5" value="Lambda Function" style="shape=mxgraph.aws4.lambda;labelPosition=center;verticalLabelPosition=bottom;align=center;verticalAlign=top;resIcon=mxgraph.aws4.lambda;" vertex="1" parent="s6m4rY_H39f5bVq3q6dN-1">
          <mxGeometry x="50" y="180" width="70" height="78" as="geometry" />
        </mxCell>
        <mxCell id="s6m4rY_H39f5bVq3q6dN-7" value="" style="endArrow=classic;html=1;rounded=0;entryX=0;entryY=0.5;entryDx=0;entryDy=0;exitX=1;exitY=0.5;exitDx=0;exitDy=0;" edge="1" parent="s6m4rY_H39f5bVq3q6dN-1" source="s6m4rY_H39f5bVq3q6dN-2" target="s6m4rY_H39f5bVq3q6dN-3">
          <mxGeometry width="50" height="50" relative="1" as="geometry">
            <mxPoint x="300" y="290" as="sourcePoint" />
            <mxPoint x="350" y="240" as="targetPoint" />
          </mxGeometry>
        </mxCell>
        <mxCell id="s6m4rY_H39f5bVq3q6dN-8" value="" style="endArrow=classic;html=1;rounded=0;entryX=0.5;entryY=0;entryDx=0;entryDy=0;exitX=0.5;exitY=1;exitDx=0;exitDy=0;" edge="1" parent="s6m4rY_H39f5bVq3q6dN-1" source="s6m4rY_H39f5bVq3q6dN-2" target="s6m4rY_H39f5bVq3q6dN-4">
          <mxGeometry width="50" height="50" relative="1" as="geometry">
            <mxPoint x="310" y="310" as="sourcePoint" />
            <mxPoint x="360" y="260" as="targetPoint" />
          </mxGeometry>
        </mxCell>
        <mxCell id="s6m4rY_H39f5bVq3q6dN-9" value="" style="endArrow=classic;html=1;rounded=0;dashed=1;entryX=1;entryY=0.5;entryDx=0;entryDy=0;exitX=0;exitY=0.5;exitDx=0;exitDy=0;" edge="1" parent="s6m4rY_H39f5bVq3q6dN-1" source="s6m4rY_H39f5bVq3q6dN-2" target="s6m4rY_H39f5bVq3q6dN-5">
          <mxGeometry width="50" height="50" relative="1" as="geometry">
            <mxPoint x="320" y="300" as="sourcePoint" />
            <mxPoint x="370" y="250" as="targetPoint" />
          </mxGeometry>
        </mxCell>
      </root>
    </mxGraphModel>
  </diagram>
</mxfile>