{
  "module": "step_function",
  "source": "terraform-aws-modules/step-functions/aws",
  "resources": {
    "aws_sfn_state_machine": {
      "name": "my-step-function",
      "definition": "{\\n  \\\"Comment\\\": \\\"A Hello World example of the Amazon States Language using Pass states\\\",\\n  \\\"StartAt\\\": \\\"Hello\\\",\\n  \\\"States\\\": {\\n    \\\"Hello\\\": {\\n      \\\"Type\\\": \\\"Pass\\\",\\n      \\\"Result\\\": \\\"Hello\\\",\\n      \\\"Next\\\": \\\"World\\\"\\n    },\\n    \\\"World\\\": {\\n      \\\"Type\\\": \\\"Pass\\\",\\n      \\\"Result\\\": \\\"World\\\",\\n      \\\"End\\\": true\\n    }\\n  }\\n}",
      "type": "STANDARD",
      "tags": {
        "Module": "my"
      },
       "logging_configuration": {},
       "encryption_configuration": {},
       "publish": false,
       "sfn_state_machine_timeouts": {}
    },
    "aws_iam_role": {
      "create": true,
      "name": "my-step-function-role",  
      "assume_role_policy": {
          "Version": "2012-10-17",
          "Statement": [
              {
                  "Action": "sts:AssumeRole",
                  "Principal": {
                      "Service": "states.amazonaws.com"
                  },
                  "Effect": "Allow",
                  "Sid": ""
              }
         ]
       },
       "force_detach_policies": true
    },
    "aws_cloudwatch_log_group": {
      "create": true,
      "name": "/aws/vendedlogs/states/my-step-function",
      "retention_in_days": null,
       "kms_key_id": null,
       "tags": {}

    },
    "aws_iam_policy": {
      "service_policy": {
        "create": true,
        "name": "my-step-function-service-policy",
        "policy": {
              "Version": "2012-10-17",
              "Statement": [
                {
                  "Sid": "dynamodb",
                  "Effect": "Allow",
                  "Action": [
                    "dynamodb:GetItem",
                    "dynamodb:PutItem",
                    "dynamodb:DeleteItem",
                    "dynamodb:UpdateItem"
                  ],
                  "Resource": ["arn:aws:dynamodb:eu-west-1:052212379155:table/Test"]
                },
                  {
                  "Sid": "lambda",
                  "Effect": "Allow",
                  "Action": "lambda:InvokeFunction",
                  "Resource": [ "arn:aws:lambda:eu-west-1:123456789012:function:test1", "arn:aws:lambda:eu-west-1:123456789012:function:test2"]
                },
                {
                  "Effect": "Allow",
                  "Action": [
                        "states:StartExecution",
                        "states:DescribeExecution",
                        "states:StopExecution"
                    ],
                    "Resource": ["arn:aws:states:eu-west-1:123456789012:stateMachine:test1"]
                },
                  {
                    "Sid": "events",
                    "Effect": "Allow",
                    "Action": [
                      "events:PutTargets",
                      "events:PutRule",
                      "events:DescribeRule"
                    ],
                    "Resource": "*"
                  }
               ]
        }
      },
      "logs_policy": {
        "create": true,
         "name": "my-step-function-logs-policy",
         "policy": {
              "Version": "2012-10-17",
              "Statement": [
                    {
                         "Effect": "Allow",
                         "Action": [
                            "logs:CreateLogGroup",
                            "logs:CreateLogStream",
                            "logs:PutLogEvents"
                            ],
                         "Resource": "*"
                     }
                ]
           }

      }
    },
     "aws_iam_policy_attachment": {
       "service_policy_attachment": {
        "create": true,
         "name": "my-step-function-service-policy-attachment"
       },
         "logs_policy_attachment": {
         "create": true,
         "name": "my-step-function-logs-policy-attachment"

       }
     }
  }
}