<?xml version="1.0" encoding="UTF-8"?>
<mxfile host="app.diagrams.net" modified="2023-11-22T18:32:00.811Z" agent="Mozilla/5.0 (Windows NT 10.0; Win64; x64) AppleWebKit/537.36 (KHTML, like Gecko) Chrome/119.0.0.0 Safari/537.36" etag="1kX1c94uXj27mU36Z53n" version="21.6.8" type="device">
  <diagram id="R2lEEEUBdFMjLlh3N02l" name="Page-1">
    <mxGraphModel dx="1050" dy="578" grid="1" gridSize="10" guides="1" tooltips="1" connect="1" arrows="1" fold="1" page="1" pageScale="1" pageWidth="850" pageHeight="1100" math="0" shadow="0">
      <root>
        <mxCell id="0" />
        <mxCell id="1" parent="0" />
        <mxCell id="n1qGIm7cXPp7vQp0q16G-1" value="Key Pair Module" style="rounded=0;whiteSpace=wrap;html=1;" vertex="1" parent="1">
          <mxGeometry x="40" y="40" width="120" height="60" as="geometry" />
        </mxCell>
        <mxCell id="n1qGIm7cXPp7vQp0q16G-2" value="AWS Key Pair" style="shape=mxgraph.aws4.key_pair;resIcon=mxgraph.aws4.key_pair;labelPosition=center;verticalLabelPosition=bottom;align=center;verticalAlign=top;" vertex="1" parent="1">
          <mxGeometry x="60" y="140" width="80" height="80" as="geometry" />
        </mxCell>
        <mxCell id="n1qGIm7cXPp7vQp0q16G-3" value="TLS Private Key" style="shape=mxgraph.aws4.general;resIcon=mxgraph.aws4.general;labelPosition=center;verticalLabelPosition=bottom;align=center;verticalAlign=top;" vertex="1" parent="1">
          <mxGeometry x="60" y="260" width="80" height="80" as="geometry" />
        </mxCell>
        <mxCell id="n1qGIm7cXPp7vQp0q16G-4" value="Key Pair - External" style="rounded=0;whiteSpace=wrap;html=1;" vertex="1" parent="1">
          <mxGeometry x="240" y="40" width="120" height="60" as="geometry" />
        </mxCell>
        <mxCell id="n1qGIm7cXPp7vQp0q16G-5" value="AWS Key Pair" style="shape=mxgraph.aws4.key_pair;resIcon=mxgraph.aws4.key_pair;labelPosition=center;verticalLabelPosition=bottom;align=center;verticalAlign=top;" vertex="1" parent="1">
          <mxGeometry x="260" y="140" width="80" height="80" as="geometry" />
        </mxCell>
        <mxCell id="n1qGIm7cXPp7vQp0q16G-7" value="Supporting Resources" style="rounded=0;whiteSpace=wrap;html=1;" vertex="1" parent="1">
          <mxGeometry x="440" y="40" width="120" height="60" as="geometry" />
        </mxCell>
        <mxCell id="n1qGIm7cXPp7vQp0q16G-8" value="TLS Private Key" style="shape=mxgraph.aws4.general;resIcon=mxgraph.aws4.general;labelPosition=center;verticalLabelPosition=bottom;align=center;verticalAlign=top;" vertex="1" parent="1">
          <mxGeometry x="460" y="140" width="80" height="80" as="geometry" />
        </mxCell>
        <mxCell id="n1qGIm7cXPp7vQp0q16G-9" value="" style="endArrow=classic;html=1;rounded=0;entryX=0;entryY=0.5;entryDx=0;entryDy=0;exitX=1;exitY=0.5;exitDx=0;exitDy=0;" edge="1" parent="1" source="n1qGIm7cXPp7vQp0q16G-8" target="n1qGIm7cXPp7vQp0q16G-5">
          <mxGeometry width="50" height="50" relative="1" as="geometry">
            <mxPoint x="390" y="280" as="sourcePoint" />
            <mxPoint x="440" y="230" as="targetPoint" />
          </mxGeometry>
        </mxCell>
      </root>
    </mxGraphModel>
  </diagram>
</mxfile>