<?xml version="1.0" encoding="UTF-8"?>
<mxfile host="app.diagrams.net" modified="2024-01-11T18:05:55.833Z" agent="Mozilla/5.0 (Windows NT 10.0; Win64; x64) AppleWebKit/537.36 (KHTML, like Gecko) Chrome/108.0.0.0 Safari/537.36" etag="L_q7v4K3P7p9_9o2Kz_D" version="21.0.2" type="google">
  <diagram id="R2lEEEUBdFMjLlhIrx00" name="Page-1">
    <mxGraphModel dx="1422" dy="794" grid="1" gridSize="10" guides="1" tooltips="1" connect="1" arrows="1" fold="1" page="1" pageScale="1" pageWidth="850" pageHeight="1100" math="0" shadow="0">
      <root>
        <mxCell id="0" />
        <mxCell id="1" parent="0" />
        <mxCell id="i_1x1ZfQ40xnhVoCq64_-1" value="VPC" style="shape=mxgraph.aws4.group_vpc;grIcon=mxgraph.aws4.vpc;strokeColor=#232F3E;fillColor=none;verticalAlign=top;align=left;spacingLeft=30;fontColor=#232F3E;dashed=0;verticalLabelPosition=bottom;verticalAlign=top;align=center;html=1;" parent="1" vertex="1">
          <mxGeometry x="80" y="40" width="680" height="560" as="geometry" />
        </mxCell>
        <mxCell id="i_1x1ZfQ40xnhVoCq64_-2" value="Public Subnets" style="shape=mxgraph.aws4.group_subnet;grIcon=mxgraph.aws4.public_subnet;strokeColor=#232F3E;fillColor=none;verticalAlign=top;align=left;spacingLeft=30;fontColor=#232F3E;dashed=0;verticalLabelPosition=bottom;verticalAlign=top;align=center;html=1;" parent="i_1x1ZfQ40xnhVoCq64_-1" vertex="1">
          <mxGeometry x="40" y="80" width="280" height="200" as="geometry" />
        </mxCell>
        <mxCell id="i_1x1ZfQ40xnhVoCq64_-3" value="Private Subnets" style="shape=mxgraph.aws4.group_subnet;grIcon=mxgraph.aws4.private_subnet;strokeColor=#232F3E;fillColor=none;verticalAlign=top;align=left;spacingLeft=30;fontColor=#232F3E;dashed=0;verticalLabelPosition=bottom;verticalAlign=top;align=center;html=1;" parent="i_1x1ZfQ40xnhVoCq64_-1" vertex="1">
          <mxGeometry x="360" y="80" width="280" height="200" as="geometry" />
        </mxCell>
        <mxCell id="i_1x1ZfQ40xnhVoCq64_-4" value="Application Load Balancer" style="shape=mxgraph.aws4.application_load_balancer;resIcon=mxgraph.aws4.application_load_balancer;strokeColor=#232F3E;fillColor=#F58534;gradientColor=none;fontColor=#ffffff;dashed=0;verticalLabelPosition=bottom;verticalAlign=top;align=center;html=1;" parent="i_1x1ZfQ40xnhVoCq64_-2" vertex="1">
          <mxGeometry x="60" y="100" width="60" height="60" as="geometry" />
        </mxCell>
        <mxCell id="i_1x1ZfQ40xnhVoCq64_-5" value="EC2 Instance (TFE)" style="shape=mxgraph.aws4.ec2;resIcon=mxgraph.aws4.ec2;strokeColor=#232F3E;fillColor=#D86613;gradientColor=none;fontColor=#ffffff;dashed=0;verticalLabelPosition=bottom;verticalAlign=top;align=center;html=1;" parent="i_1x1ZfQ40xnhVoCq64_-3" vertex="1">
          <mxGeometry x="100" y="100" width="60" height="60" as="geometry" />
        </mxCell>
        <mxCell id="i_1x1ZfQ40xnhVoCq64_-6" value="Object Storage (S3)" style="shape=mxgraph.aws4.s3;resIcon=mxgraph.aws4.s3;strokeColor=#232F3E;fillColor=#2E73B8;gradientColor=none;fontColor=#ffffff;dashed=0;verticalLabelPosition=bottom;verticalAlign=top;align=center;html=1;" parent="i_1x1ZfQ40xnhVoCq64_-1" vertex="1">
          <mxGeometry x="160" y="360" width="60" height="65" as="geometry" />
        </mxCell>
        <mxCell id="i_1x1ZfQ40xnhVoCq64_-7" value="PostgreSQL RDS" style="shape=mxgraph.aws4.rds_db_instance;resIcon=mxgraph.aws4.rds_db_instance;strokeColor=#232F3E;fillColor=#2E73B8;gradientColor=none;fontColor=#ffffff;dashed=0;verticalLabelPosition=bottom;verticalAlign=top;align=center;html=1;" parent="i_1x1ZfQ40xnhVoCq64_-1" vertex="1">
          <mxGeometry x="320" y="360" width="60" height="60" as="geometry" />
        </mxCell>
        <mxCell id="i_1x1ZfQ40xnhVoCq64_-8" value="Elasticache for Redis" style="shape=mxgraph.aws4.elasticache;resIcon=mxgraph.aws4.elasticache;strokeColor=#232F3E;fillColor=#2E73B8;gradientColor=none;fontColor=#ffffff;dashed=0;verticalLabelPosition=bottom;verticalAlign=top;align=center;html=1;" parent="i_1x1ZfQ40xnhVoCq64_-1" vertex="1">
          <mxGeometry x="480" y="360" width="60" height="60" as="geometry" />
        </mxCell>
        <mxCell id="i_1x1ZfQ40xnhVoCq64_-9" value="KMS" style="shape=mxgraph.aws4.kms;resIcon=mxgraph.aws4.kms;strokeColor=#232F3E;fillColor=#BC1356;gradientColor=none;fontColor=#ffffff;dashed=0;verticalLabelPosition=bottom;verticalAlign=top;align=center;html=1;" parent="1" vertex="1">
          <mxGeometry x="480" y="40" width="60" height="60" as="geometry" />
        </mxCell>
      </root>
    </mxGraphModel>
  </diagram>
</mxfile>