{
  "module": "tfe_node",
  "source": "<filepath to cloned module directory>",
  "providers": {
    "aws": {
      "region": "<your AWS region>",
      "default_tags": {
        "tags": "var.common_tags"
      }
    }
  },
  "variables": {
    "friendly_name_prefix": {
      "type": "string",
      "description": "Prefix for naming AWS resources"
    },
    "domain_name": {
      "type": "string",
      "description": "Domain for creating the Terraform Enterprise subdomain"
    },
    "tfe_license_secret_id": {
      "type": "string",
      "description": "Secret ID for the TFE license",
      "value": "data.aws_secretsmanager_secret_version.tfe_license.secret_id"
    },
    "acm_certificate_arn": {
      "type": "string",
      "description": "ARN for ACM certificate to be used with load balancer"
    },
    "ami_id": {
      "type": "string",
      "description": "AMI ID (optional, defaults to Ubuntu 24.04 LTS)",
      "optional": true
    },
    "iam_role_policy_arns": {
      "type": "list(string)",
      "description": "List of IAM role policy ARNs (e.g., for SSM access)",
      "optional": true
    }

  },
  "resources": {
    "aws_vpc": {
      "count": 1,
      "properties": {}
    },
    "aws_subnet": {
      "count": 2,  
      "properties": {
        "vpc_id": "${aws_vpc.id}" 
      }
    },
    "aws_db_instance": {
      "type": "aws_rds_cluster_instance",
      "count": 1,
      "properties": {
        "engine": "postgres"
      }
    },
    "aws_elasticache_cluster": {
      "count": 1,
      "properties": {
        "engine": "redis"
      }
    },
    "aws_s3_bucket": {
      "count": 1,
      "properties": {}
    },
    "aws_autoscaling_group": {
      "count": 1,
      "properties": {}
    },
    "aws_lb": {
      "count": 1,
      "properties": {
        "load_balancer_type": "application"
      }
    },
    "aws_secretsmanager_secret": {
      "count": 1,
      "properties": {}
    },
    "aws_kms_key": {
      "count": 1,
      "properties": {}
    },
    "aws_iam_instance_profile": {
      "count": 1,
      "properties": {}
    },
    "aws_iam_role": {
      "count": 1,
      "properties": {}
    },
    "aws_iam_policy": {
      "count": 1,
      "properties": {}
    },
    "aws_route53_record": {
      "type": "A", 
      "count": 1,
      "properties": {}
    },
    "aws_security_group": {
      "count": 1,
      "properties": {}
    },
    "aws_security_group_rule": {
      "count": 1,
      "properties": {}
    }
  }
}