<?xml version="1.0" encoding="UTF-8"?>
<mxfile host="app.diagrams.net" modified="2024-01-03T15:30:07.820Z" agent="Mozilla/5.0 (Windows NT 10.0; Win64; x64) AppleWebKit/537.36 (KHTML, like Gecko) Chrome/118.0.0.0 Safari/537.36" etag="t7J1y7m3R8x_1-x_WqY_" version="21.8.2" type="device">
  <diagram id="R2lEEEUBdFMjLlhIrx00" name="Page-1">
    <mxGraphModel dx="1038" dy="607" grid="1" gridSize="10" guides="1" tooltips="1" connect="1" arrows="1" fold="1" page="1" pageScale="1" pageWidth="850" pageHeight="1100" math="0" shadow="0">
      <root>
        <mxCell id="0" />
        <mxCell id="1" parent="0" />
        <mxCell id="5yWwK53y1e2b7vG9L4sX-1" value="VPC" style="shape=mxgraph.aws4.group_vpc;grIcon=mxgraph.aws4.vpc;strokeColor=#147EBA;fillColor=none;verticalAlign=top;align=left;spacingLeft=30;fontColor=#147EBA;dashed=0;verticalLabelPosition=bottom;labelPosition=right;spacingTop=25;" parent="1" vertex="1">
          <mxGeometry x="80" y="80" width="680" height="440" as="geometry" />
        </mxCell>
        <mxCell id="5yWwK53y1e2b7vG9L4sX-2" value="Public Subnets" style="shape=mxgraph.aws4.group_subnet;grIcon=mxgraph.aws4.subnet_public;strokeColor=#147EBA;fillColor=none;verticalAlign=top;align=left;spacingLeft=30;fontColor=#147EBA;dashed=0;verticalLabelPosition=bottom;labelPosition=right;spacingTop=-5;" parent="5yWwK53y1e2b7vG9L4sX-1" vertex="1">
          <mxGeometry x="40" y="40" width="600" height="160" as="geometry" />
        </mxCell>
        <mxCell id="5yWwK53y1e2b7vG9L4sX-3" value="Application Load Balancer (ALB)" style="shape=mxgraph.aws4.application_load_balancer;resIcon=mxgraph.aws4.elastic_load_balancing;strokeColor=#147EBA;fillColor=#ffffff;verticalAlign=top;align=center;spacingTop=-5;fontColor=#147EBA;dashed=0;" parent="5yWwK53y1e2b7vG9L4sX-2" vertex="1">
          <mxGeometry x="200" y="40" width="160" height="70" as="geometry" />
        </mxCell>
        <mxCell id="5yWwK53y1e2b7vG9L4sX-4" value="Security Group" style="shape=mxgraph.aws4.security_group;resIcon=mxgraph.aws4.ec2_security_group;strokeColor=#147EBA;fillColor=#ffffff;verticalAlign=top;align=center;spacingTop=-5;fontColor=#147EBA;dashed=0;" parent="5yWwK53y1e2b7vG9L4sX-1" vertex="1">
          <mxGeometry x="100" y="260" width="160" height="80" as="geometry" />
        </mxCell>
        <mxCell id="5yWwK53y1e2b7vG9L4sX-5" value="S3 Bucket (Access Logs)" style="shape=mxgraph.aws4.s3;resIcon=mxgraph.aws4.s3;strokeColor=#147EBA;fillColor=#ffffff;verticalAlign=top;align=center;spacingTop=-5;fontColor=#147EBA;dashed=0;" parent="1" vertex="1">
          <mxGeometry x="520" y="560" width="160" height="80" as="geometry" />
        </mxCell>
        <mxCell id="5yWwK53y1e2b7vG9L4sX-6" value="Target Group" style="shape=mxgraph.aws4.classic_load_balancer;resIcon=mxgraph.aws4.elastic_load_balancing;strokeColor=#147EBA;fillColor=#ffffff;verticalAlign=top;align=center;spacingTop=-5;fontColor=#147EBA;dashed=0;" parent="5yWwK53y1e2b7vG9L4sX-1" vertex="1">
          <mxGeometry x="400" y="260" width="160" height="80" as="geometry" />
        </mxCell>
        <mxCell id="5yWwK53y1e2b7vG9L4sX-7" value="" style="endArrow=classic;html=1;rounded=0;entryX=0.5;entryY=0;entryDx=0;entryDy=0;exitX=0.5;exitY=1;exitDx=0;exitDy=0;" parent="5yWwK53y1e2b7vG9L4sX-1" source="5yWwK53y1e2b7vG9L4sX-3" target="5yWwK53y1e2b7vG9L4sX-6" edge="1">
          <mxGeometry width="50" height="50" relative="1" as="geometry">
            <mxPoint x="390" y="250" as="sourcePoint" />
            <mxPoint x="440" y="200" as="targetPoint" />
          </mxGeometry>
        </mxCell>
        <mxCell id="5yWwK53y1e2b7vG9L4sX-8" value="" style="endArrow=classic;html=1;rounded=0;exitX=1;exitY=0.5;exitDx=0;exitDy=0;entryX=0;entryY=0.5;entryDx=0;entryDy=0;" parent="1" source="5yWwK53y1e2b7vG9L4sX-3" target="5yWwK53y1e2b7vG9L4sX-5" edge="1">
          <mxGeometry width="50" height="50" relative="1" as="geometry">
            <mxPoint x="390" y="250" as="sourcePoint" />
            <mxPoint x="440" y="200" as="targetPoint" />
          </mxGeometry>
        </mxCell>
      </root>
    </mxGraphModel>
  </diagram>
</mxfile>