{
  "module": "alb",
  "source": "cloudposse/alb/aws",
  "providers": {
    "aws": {
      "region": "var.region"
    }
  },
  "variables": {
    "namespace": "var.namespace",
    "stage": "var.stage",
    "name": "var.name",
    "attributes": "var.attributes",
    "delimiter": "var.delimiter",
    "vpc_id": "module.vpc.vpc_id",
    "security_group_ids": [
      "module.vpc.vpc_default_security_group_id"
    ],
    "subnet_ids": "module.subnets.public_subnet_ids",
    "internal": "var.internal",
    "http_enabled": "var.http_enabled",
    "http_redirect": "var.http_redirect",
    "access_logs_enabled": "var.access_logs_enabled",
    "cross_zone_load_balancing_enabled": "var.cross_zone_load_balancing_enabled",
    "http2_enabled": "var.http2_enabled",
    "idle_timeout": "var.idle_timeout",
    "ip_address_type": "var.ip_address_type",
    "deletion_protection_enabled": "var.deletion_protection_enabled",
    "deregistration_delay": "var.deregistration_delay",
    "health_check_path": "var.health_check_path",
    "health_check_timeout": "var.health_check_timeout",
    "health_check_healthy_threshold": "var.health_check_healthy_threshold",
    "health_check_unhealthy_threshold": "var.health_check_unhealthy_threshold",
    "health_check_interval": "var.health_check_interval",
    "health_check_matcher": "var.health_check_matcher",
    "target_group_port": "var.target_group_port",
    "target_group_target_type": "var.target_group_target_type",
    "stickiness": "var.stickiness",
    "alb_access_logs_s3_bucket_force_destroy": "var.alb_access_logs_s3_bucket_force_destroy",
    "alb_access_logs_s3_bucket_force_destroy_enabled": "var.alb_access_logs_s3_bucket_force_destroy_enabled",
    "tags": "var.tags"
  },
  "resources": [
    {
      "type": "aws_lb",
      "name": "default"
    },
    {
      "type": "aws_lb_listener",
      "name": "http_forward"
    },
    {
      "type": "aws_lb_listener",
      "name": "http_redirect"
    },
    {
      "type": "aws_lb_listener",
      "name": "https"
    },
    {
      "type": "aws_lb_listener_certificate",
      "name": "https_sni"
    },
    {
      "type": "aws_lb_target_group",
      "name": "default"
    },
    {
      "type": "aws_security_group",
      "name": "default"
    },
    {
      "type": "aws_security_group_rule",
      "name": "egress"
    },
    {
      "type": "aws_security_group_rule",
      "name": "http_ingress"
    },
    {
      "type": "aws_security_group_rule",
      "name": "http_ingress_from_security_groups"
    },
    {
      "type": "aws_security_group_rule",
      "name": "https_ingress"
    },
    {
      "type": "aws_security_group_rule",
      "name": "https_ingress_from_security_groups"
    }
  ],
    "dependencies": [
        {
            "module": "vpc",
            "source": "cloudposse/vpc/aws"
        },
        {
            "module": "subnets",
            "source": "cloudposse/dynamic-subnets/aws",
            "dependencies":[
                {"module":"vpc"}
            ]
        }

    ]

}