<?xml version="1.0" encoding="UTF-8"?>
<mxfile host="app.diagrams.net" modified="2023-10-27T19:32:30.754Z" agent="Mozilla/5.0 (Windows NT 10.0; Win64; x64) AppleWebKit/537.36 (KHTML, like Gecko) Chrome/118.0.0.0 Safari/537.36 Edg/118.0.2088.46" etag="1m8_7m1eL8X9lZ26F4xJ" version="21.8.2" type="device">
  <diagram id="R2l4TeGY56yzt739r7zM" name="Page-1">
    <mxGraphModel dx="1422" dy="794" grid="1" gridSize="10" guides="1" tooltips="1" connect="1" arrows="1" fold="1" page="1" pageScale="1" pageWidth="850" pageHeight="1100" math="0" shadow="0">
      <root>
        <mxCell id="0" />
        <mxCell id="1" parent="0" />
        <mxCell id="HqJLpKCQ_s0Yj59V_q8G-1" value="AWS Account" style="shape=mxgraph.aws4.group;grIcon=mxgraph.aws4.group;strokeColor=#D2D3D3;fillColor=none;verticalAlign=top;align=left;spacingLeft=30;fontColor=#545B64;dashed=0;verticalLabelPosition=bottom;labelPosition=right;fontSize=12;fontFamily=Helvetica;html=1;" parent="1" vertex="1">
          <mxGeometry x="80" y="80" width="680" height="480" as="geometry" />
        </mxCell>
        <mxCell id="HqJLpKCQ_s0Yj59V_q8G-2" value="IAM Role" style="shape=mxgraph.aws4.iam_role;resIcon=mxgraph.aws4.iam_role;strokeColor=#D2D3D3;fillColor=#FF9900;verticalAlign=top;align=center;fontSize=12;fontFamily=Helvetica;html=1;" parent="HqJLpKCQ_s0Yj59V_q8G-1" vertex="1">
          <mxGeometry x="40" y="80" width="120" height="60" as="geometry" />
        </mxCell>
        <mxCell id="HqJLpKCQ_s0Yj59V_q8G-3" value="IAM Policy (Managed or Inline)" style="shape=mxgraph.aws4.iam_policy;resIcon=mxgraph.aws4.iam_policy;strokeColor=#D2D3D3;fillColor=#2F72CC;verticalAlign=top;align=center;fontSize=12;fontFamily=Helvetica;html=1;" parent="HqJLpKCQ_s0Yj59V_q8G-1" vertex="1">
          <mxGeometry x="240" y="80" width="120" height="60" as="geometry" />
        </mxCell>
        <mxCell id="HqJLpKCQ_s0Yj59V_q8G-4" value="IAM Instance Profile (Optional)" style="shape=mxgraph.aws4.iam_instance_profile;resIcon=mxgraph.aws4.iam_instance_profile;strokeColor=#D2D3D3;fillColor=#FF9900;verticalAlign=top;align=center;fontSize=12;fontFamily=Helvetica;html=1;" parent="HqJLpKCQ_s0Yj59V_q8G-1" vertex="1">
          <mxGeometry x="440" y="80" width="120" height="60" as="geometry" />
        </mxCell>
        <mxCell id="HqJLpKCQ_s0Yj59V_q8G-5" value="" style="endArrow=classic;html=1;rounded=0;entryX=0;entryY=0.5;exitX=1;exitY=0.5;dashed=1;" parent="HqJLpKCQ_s0Yj59V_q8G-1" source="HqJLpKCQ_s0Yj59V_q8G-2" target="HqJLpKCQ_s0Yj59V_q8G-3" edge="1">
          <mxGeometry width="50" height="50" relative="1" as="geometry">
            <mxPoint x="390" y="360" as="sourcePoint" />
            <mxPoint x="440" y="310" as="targetPoint" />
          </mxGeometry>
        </mxCell>
        <mxCell id="HqJLpKCQ_s0Yj59V_q8G-6" value="Assumes" style="text;html=1;strokeColor=none;fillColor=none;align=center;verticalAlign=middle;whiteSpace=wrap;rounded=0;" parent="HqJLpKCQ_s0Yj59V_q8G-1" vertex="1">
          <mxGeometry x="170" y="70" width="60" height="30" as="geometry" />
        </mxCell>
        <mxCell id="HqJLpKCQ_s0Yj59V_q8G-7" value="" style="endArrow=classic;html=1;rounded=0;entryX=0;entryY=0.5;exitX=1;exitY=0.5;dashed=1;" parent="HqJLpKCQ_s0Yj59V_q8G-1" source="HqJLpKCQ_s0Yj59V_q8G-2" target="HqJLpKCQ_s0Yj59V_q8G-4" edge="1">
          <mxGeometry width="50" height="50" relative="1" as="geometry">
            <mxPoint x="170" y="109.5" as="sourcePoint" />
            <mxPoint x="440" y="109.5" as="targetPoint" />
          </mxGeometry>
        </mxCell>
        <mxCell id="HqJLpKCQ_s0Yj59V_q8G-8" value="Used By (Optional)" style="text;html=1;strokeColor=none;fillColor=none;align=center;verticalAlign=middle;whiteSpace=wrap;rounded=0;" parent="HqJLpKCQ_s0Yj59V_q8G-1" vertex="1">
          <mxGeometry x="290" y="70" width="120" height="30" as="geometry" />
        </mxCell>
      </root>
    </mxGraphModel>
  </diagram>
</mxfile>