<?xml version="1.0" encoding="UTF-8"?>
<mxfile host="app.diagrams.net" modified="2023-11-22T21:39:52.998Z" agent="5.0 (Windows NT 10.0; Win64; x64) AppleWebKit/537.36 (KHTML, like Gecko) Chrome/119.0.0.0 Safari/537.36" etag="k2Yk4g0T30Z6wR68cK08" version="21.6.8" type="device">
  <diagram id="R2lEEEUBdFMjLlh3VmIb" name="Page-1">
    <mxGraphModel dx="1050" dy="572" grid="1" gridSize="10" guides="1" tooltips="1" connect="1" arrows="1" fold="1" page="1" pageScale="1" pageWidth="850" pageHeight="1100" math="0" shadow="0">
      <root>
        <mxCell id="0" />
        <mxCell id="1" parent="0" />
        <mxCell id="rQGKgTxqr5qR2x19X99E-1" value="VPC" style="shape=mxgraph.aws4.group_vpc;verticalAlign=top;align=left;spacingTop=30;dashed=0;verticalLabelPosition=bottom;labelPosition=right;spacingLeft=10;html=1;pointerEvents=0;fillColor=#F58536;strokeColor=#cd7f32;fontColor=#ffffff;dashed=0;" vertex="1" parent="1">
          <mxGeometry x="40" y="40" width="780" height="600" as="geometry" />
        </mxCell>
        <mxCell id="rQGKgTxqr5qR2x19X99E-2" value="Public Subnets" style="shape=mxgraph.aws4.group_subnet;verticalAlign=top;align=left;spacingTop=10;dashed=0;verticalLabelPosition=bottom;labelPosition=right;spacingLeft=10;html=1;pointerEvents=0;fillColor=#E86F6B;strokeColor=#B85248;fontColor=#ffffff;dashed=0;" vertex="1" parent="rQGKgTxqr5qR2x19X99E-1">
          <mxGeometry x="40" y="40" width="360" height="200" as="geometry" />
        </mxCell>
        <mxCell id="rQGKgTxqr5qR2x19X99E-3" value="External Load Balancer" style="shape=mxgraph.aws4.elastic_load_balancing;resIcon=mxgraph.aws4.elastic_load_balancing;labelPosition=center;verticalLabelPosition=bottom;align=center;verticalAlign=top;html=1;fontSize=12;fontFamily=Helvetica;fontColor=#000000;strokeColor=#000000;fillColor=#ffffff;dashed=0;" vertex="1" parent="rQGKgTxqr5qR2x19X99E-2">
          <mxGeometry x="40" y="60" width="60" height="60" as="geometry" />
        </mxCell>
        <mxCell id="rQGKgTxqr5qR2x19X99E-4" value="Private Subnets" style="shape=mxgraph.aws4.group_subnet;verticalAlign=top;align=left;spacingTop=10;dashed=0;verticalLabelPosition=bottom;labelPosition=right;spacingLeft=10;html=1;pointerEvents=0;fillColor=#7AA1B3;strokeColor=#5A8099;fontColor=#ffffff;dashed=0;" vertex="1" parent="rQGKgTxqr5qR2x19X99E-1">
          <mxGeometry x="40" y="280" width="700" height="280" as="geometry" />
        </mxCell>
        <mxCell id="rQGKgTxqr5qR2x19X99E-5" value="Kong EC2 Instances (Autoscaling Group)" style="shape=mxgraph.aws4.autoscaling;resIcon=mxgraph.aws4.autoscaling;labelPosition=center;verticalLabelPosition=bottom;align=center;verticalAlign=top;html=1;fontSize=12;fontFamily=Helvetica;fontColor=#000000;strokeColor=#000000;fillColor=#ffffff;dashed=0;" vertex="1" parent="rQGKgTxqr5qR2x19X99E-4">
          <mxGeometry x="60" y="80" width="60" height="60" as="geometry" />
        </mxCell>
        <mxCell id="rQGKgTxqr5qR2x19X99E-6" value="Internal Load Balancer" style="shape=mxgraph.aws4.elastic_load_balancing;resIcon=mxgraph.aws4.elastic_load_balancing;labelPosition=center;verticalLabelPosition=bottom;align=center;verticalAlign=top;html=1;fontSize=12;fontFamily=Helvetica;fontColor=#000000;strokeColor=#000000;fillColor=#ffffff;dashed=0;" vertex="1" parent="rQGKgTxqr5qR2x19X99E-4">
          <mxGeometry x="220" y="80" width="60" height="60" as="geometry" />
        </mxCell>
        <mxCell id="rQGKgTxqr5qR2x19X99E-7" value="RDS/Aurora Cluster" style="shape=mxgraph.aws4.amazon_aurora;resIcon=mxgraph.aws4.amazon_aurora;labelPosition=center;verticalLabelPosition=bottom;align=center;verticalAlign=top;html=1;fontSize=12;fontFamily=Helvetica;fontColor=#000000;strokeColor=#000000;fillColor=#ffffff;dashed=0;" vertex="1" parent="rQGKgTxqr5qR2x19X99E-4">
          <mxGeometry x="400" y="80" width="60" height="60" as="geometry" />
        </mxCell>
        <mxCell id="rQGKgTxqr5qR2x19X99E-8" value="ElastiCache Redis" style="shape=mxgraph.aws4.elasticache;resIcon=mxgraph.aws4.elasticache;labelPosition=center;verticalLabelPosition=bottom;align=center;verticalAlign=top;html=1;fontSize=12;fontFamily=Helvetica;fontColor=#000000;strokeColor=#000000;fillColor=#ffffff;dashed=0;" vertex="1" parent="rQGKgTxqr5qR2x19X99E-4">
          <mxGeometry x="560" y="80" width="60" height="60" as="geometry" />
        </mxCell>
      </root>
    </mxGraphModel>
  </diagram>
</mxfile>