{
  "provider": "aws",
  "resources": {
    "rds_postgresql": {
      "type": "aws_db_instance",
      "properties": {
        "engine": "postgres",
        "engine_version": "11.4",
        "instance_class": "db.t2.micro",
        "storage_type": "gp2",
        "storage_size": 20,
        "multi_az": false,
        "backup_retention_period": 7,
        "username": "root",
        "db_subnet_group_name": "db-subnets",
        "parameter_group_name": "postgres11"
      }
    },
    "autoscaling_group": {
      "type": "aws_autoscaling_group",
      "properties": {
        "desired_capacity": 2,
        "max_size": 3,
        "min_size": 1,
        "health_check_grace_period": 300,
        "launch_configuration": {
          "instance_type": "t2.micro",
          "ami": {
            "variable": "ec2_ami"
          },
          "key_name": {
            "variable": "ec2_key_name"
          },
          "root_block_device": {
            "volume_type": "gp2",
            "volume_size": 8
          },
          "iam_instance_profile": {
              "create": true
          },
          "user_data": {
            "kong_install": true,
            "deck_install": true
          }
        }
      }
    },
    "elb_external": {
      "type": "aws_elb",
      "properties": {
        "listener": [
          {
            "instance_port": 443,
            "instance_protocol": "HTTPS",
            "lb_port": 443,
            "lb_protocol": "HTTPS",
            "ssl_certificate_id": {
              "variable": "ssl_cert_external"
            }
          }
        ],
        "cross_zone_load_balancing": true,
        "subnets": {
          "tag": "public"
        },
        "health_check": {
            "target": "HTTPS:443/",
            "interval": 5,
            "timeout": 3,
            "unhealthy_threshold": 2,
            "healthy_threshold": 5
        }
      },
      "conditional": {
        "variable": "enable_external_lb"
      }
    },
    "elb_internal": {
      "type": "aws_elb",
      "properties": {
        "listener": [
          {
            "instance_port": 80,
            "instance_protocol": "HTTP",
            "lb_port": 80,
            "lb_protocol": "HTTP"
          },
          {
            "instance_port": 443,
            "instance_protocol": "HTTPS",
            "lb_port": 443,
            "lb_protocol": "HTTPS",
            "ssl_certificate_id": {
              "variable": "ssl_cert_internal"
            }
          },
          {
            "instance_port": 8444,
            "instance_protocol": "HTTPS",
            "lb_port": 8444,
            "lb_protocol": "HTTPS",
            "ssl_certificate_id": {
              "variable": "ssl_cert_admin"
            },
            "conditional": {
              "variable": "enable_ee"
            }
          }
        ],
        "cross_zone_load_balancing": true,
        "subnets": {
          "tag": "private"
        },
         "health_check": {
            "target": "HTTP:80/",
            "interval": 5,
            "timeout": 3,
            "unhealthy_threshold": 2,
            "healthy_threshold": 5
        }
      },
      "conditional": {
        "variable": "enable_internal_lb"
      }
    },
    "security_groups": {
      "type": "aws_security_group",
      "create": true
    },
    "iam_instance_profile": {
        "type": "aws_iam_instance_profile",
        "create": true
    }
  }
}