<?xml version="1.0" encoding="UTF-8"?>
<mxfile host="app.diagrams.net" modified="2023-11-22T17:21:51.040Z" agent="Mozilla/5.0 (Windows NT 10.0; Win64; x64) AppleWebKit/537.36 (KHTML, like Gecko) Chrome/119.0.0.0 Safari/537.36" etag="q84a8t_b0Z11J32D358d" version="21.6.8" type="device">
  <diagram id="R2lEEEUBkNH09aVzKndy" name="Page-1">
    <mxGraphModel dx="1434" dy="776" grid="1" gridSize="10" guides="1" tooltips="1" connect="1" arrows="1" fold="1" page="1" pageScale="1" pageWidth="850" pageHeight="1100" math="0" shadow="0">
      <root>
        <mxCell id="0" />
        <mxCell id="1" parent="0" />
        <mxCell id="biOQ1_hB4Q8G-zV_w9sH-1" value="AWS CloudFront" style="shape=mxgraph.aws4.cloudfront;whiteSpace=wrap;html=1;rounded=1;fillColor=#E8F5FD;strokeColor=#99CCEF;" vertex="1" parent="1">
          <mxGeometry x="330" y="120" width="190" height="70" as="geometry" />
        </mxCell>
        <mxCell id="biOQ1_hB4Q8G-zV_w9sH-2" value="Origin (S3 or Custom)" style="rounded=1;whiteSpace=wrap;html=1;fillColor=#F8CECC;strokeColor=#E1D5E7;" vertex="1" parent="1">
          <mxGeometry x="365" y="270" width="120" height="60" as="geometry" />
        </mxCell>
        <mxCell id="biOQ1_hB4Q8G-zV_w9sH-3" value="" style="endArrow=classic;html=1;rounded=0;exitX=0.5;exitY=1;exitDx=0;exitDy=0;entryX=0.5;entryY=0;entryDx=0;entryDy=0;" edge="1" parent="1" source="biOQ1_hB4Q8G-zV_w9sH-1" target="biOQ1_hB4Q8G-zV_w9sH-2">
          <mxGeometry width="50" height="50" relative="1" as="geometry">
            <mxPoint x="410" y="240" as="sourcePoint" />
            <mxPoint x="460" y="190" as="targetPoint" />
          </mxGeometry>
        </mxCell>
        <mxCell id="biOQ1_hB4Q8G-zV_w9sH-4" value="S3 Bucket (Logs)" style="shape=mxgraph.aws4.s3;whiteSpace=wrap;html=1;rounded=1;fillColor=#F5F5F5;strokeColor=#A6A6A6;" vertex="1" parent="1">
          <mxGeometry x="610" y="270" width="120" height="60" as="geometry" />
        </mxCell>
        <mxCell id="biOQ1_hB4Q8G-zV_w9sH-5" value="" style="endArrow=classic;html=1;rounded=0;dashed=1;entryX=0.5;entryY=0;entryDx=0;entryDy=0;exitX=1;exitY=0.5;exitDx=0;exitDy=0;" edge="1" parent="1" source="biOQ1_hB4Q8G-zV_w9sH-1" target="biOQ1_hB4Q8G-zV_w9sH-4">
          <mxGeometry width="50" height="50" relative="1" as="geometry">
            <mxPoint x="540" y="180" as="sourcePoint" />
            <mxPoint x="590" y="130" as="targetPoint" />
          </mxGeometry>
        </mxCell>
        <mxCell id="biOQ1_hB4Q8G-zV_w9sH-6" value="Route53" style="shape=mxgraph.aws4.route_53;whiteSpace=wrap;html=1;rounded=1;fillColor=#F5F5F5;strokeColor=#A6A6A6;" vertex="1" parent="1">
          <mxGeometry x="150" y="120" width="70" height="70" as="geometry" />
        </mxCell>
        <mxCell id="biOQ1_hB4Q8G-zV_w9sH-7" value="" style="endArrow=classic;html=1;rounded=0;entryX=0;entryY=0.5;entryDx=0;entryDy=0;exitX=1;exitY=0.5;exitDx=0;exitDy=0;" edge="1" parent="1" source="biOQ1_hB4Q8G-zV_w9sH-6" target="biOQ1_hB4Q8G-zV_w9sH-1">
          <mxGeometry width="50" height="50" relative="1" as="geometry">
            <mxPoint x="240" y="180" as="sourcePoint" />
            <mxPoint x="290" y="130" as="targetPoint" />
          </mxGeometry>
        </mxCell>
        <mxCell id="biOQ1_hB4Q8G-zV_w9sH-8" value="OAI (Optional)" style="shape=mxgraph.aws4.origin_access_identity;whiteSpace=wrap;html=1;rounded=1;fillColor=#F5F5F5;strokeColor=#A6A6A6;" vertex="1" parent="1">
          <mxGeometry x="150" y="270" width="70" height="60" as="geometry" />
        </mxCell>
        <mxCell id="biOQ1_hB4Q8G-zV_w9sH-9" value="" style="endArrow=classic;html=1;rounded=0;dashed=1;exitX=1;exitY=0.5;exitDx=0;exitDy=0;entryX=0;entryY=0.5;entryDx=0;entryDy=0;" edge="1" parent="1" source="biOQ1_hB4Q8G-zV_w9sH-8" target="biOQ1_hB4Q8G-zV_w9sH-2">
          <mxGeometry width="50" height="50" relative="1" as="geometry">
            <mxPoint x="240" y="300" as="sourcePoint" />
            <mxPoint x="360" y="300" as="targetPoint" />
            <Array as="points">
              <mxPoint x="290" y="300" />
            </Array>
          </mxGeometry>
        </mxCell>
      </root>
    </mxGraphModel>
  </diagram>
</mxfile>