{
  "module": "cloudposse/cloudfront-cdn/aws",
  "resources": {
    "aws_cloudfront_distribution": {
      "default": {
        "acm_certificate_arn": null,
        "aliases": [],
        "allowed_methods": [
          "DELETE",
          "GET",
          "HEAD",
          "OPTIONS",
          "PATCH",
          "POST",
          "PUT"
        ],
        "cache_policy_id": null,
        "cached_methods": [
          "GET",
          "HEAD"
        ],
        "comment": "Managed by Terraform",
        "compress": false,
        "custom_error_response": [],
        "custom_header": [],
        "custom_origins": [],
        "default_root_object": "index.html",
        "default_ttl": 60,
        "distribution_enabled": true,
        "forward_cookies": "none",
        "forward_cookies_whitelisted_names": [],
        "forward_headers": [],
        "forward_query_string": false,
        "function_association": [],
        "geo_restriction_locations": [],
        "geo_restriction_type": "none",
        "grpc_config": {
          "enabled": false
        },
        "http_version": "http2",
        "is_ipv6_enabled": true,
        "lambda_function_association": [],
        "log_bucket_fqdn": null,
        "log_expiration_days": 90,
        "log_force_destroy": false,
        "log_glacier_transition_days": 60,
        "log_include_cookies": false,
        "log_prefix": "",
        "log_standard_transition_days": 30,
        "logging_enabled": true,
        "max_ttl": 31536000,
        "min_ttl": 0,
        "ordered_cache": [],
        "origin_access_control_id": null,
        "origin_access_identity_enabled": true,
        "origin_domain_name": null,
        "origin_http_port": 80,
        "origin_https_port": 443,
        "origin_keepalive_timeout": 5,
        "origin_path": "",
        "origin_protocol_policy": "match-viewer",
        "origin_read_timeout": 30,
        "origin_request_policy_id": null,
        "origin_shield": null,
        "origin_ssl_protocols": [
          "TLSv1",
          "TLSv1.1",
          "TLSv1.2"
        ],
        "origin_type": "custom",
        "price_class": "PriceClass_100",
        "realtime_log_config_arn": null,
        "response_headers_policy_id": "",
        "s3_origin_config": null,
        "trusted_signers": [],
        "viewer_minimum_protocol_version": "TLSv1.2_2021",
        "viewer_protocol_policy": "redirect-to-https",
        "web_acl_id": ""

      }
    },
    "aws_cloudfront_origin_access_identity": {
      "default": {
        "comment": "Managed by Terraform"
      }
    },
    "cloudposse_route53_alias_module": {
      "dns": {
        "dns_aliases_enabled": true,
        "parent_zone_id": null,
        "parent_zone_name": null
      }
    },
    "cloudposse_s3_log_storage_module": {
      "logs": {}
    }
  },
  "variables": {
    "name": null,
    "namespace": null,
    "stage": null,
    "aliases": [],
    "origin_domain_name": null,
    "parent_zone_name": null
  }
}