<?xml version="1.0" encoding="UTF-8"?>
<mxfile host="app.diagrams.net" modified="2024-01-04T15:28:50.572Z" agent="Mozilla/5.0 (Windows NT 10.0; Win64; x64) AppleWebKit/537.36 (KHTML, like Gecko) Chrome/118.0.0.0 Safari/537.36" etag="9nZ9d-8V_4aU8hQv0o2Y" version="22.0.8" type="device">
  <diagram id="R2lEEEUBdFMjLlhGm39S" name="Page-1">
    <mxGraphModel dx="1422" dy="794" grid="1" gridSize="10" guides="1" tooltips="1" connect="1" arrows="1" fold="1" page="1" pageScale="1" pageWidth="850" pageHeight="1100" math="0" shadow="0">
      <root>
        <mxCell id="0" />
        <mxCell id="1" parent="0" />
        <mxCell id="c7lC3r-0lU0z2e9G8-gN-1" value="ECR Registry" style="shape=mxgraph.aws4.group_ecr_registry;grIcon=mxgraph.aws4.ecr;strokeColor=#D75F07;fillColor=#F8CECC;verticalAlign=top;align=left;spacingLeft=30;fontColor=#D75F07;dashed=0;verticalLabelPosition=bottom;labelPosition=right;spacingTop=25;" vertex="1" parent="1">
          <mxGeometry x="120" y="80" width="620" height="440" as="geometry" />
        </mxCell>
        <mxCell id="c7lC3r-0lU0z2e9G8-gN-2" value="Private Repository" style="rounded=1;whiteSpace=wrap;html=1;arcSize=4;align=center;verticalAlign=middle;dashed=0;fillColor=#F8CECC;strokeColor=#AE4132;resIcon=mxgraph.aws4.ecr;" vertex="1" parent="c7lC3r-0lU0z2e9G8-gN-1">
          <mxGeometry x="40" y="80" width="120" height="60" as="geometry" />
        </mxCell>
        <mxCell id="c7lC3r-0lU0z2e9G8-gN-3" value="Public Repository" style="rounded=1;whiteSpace=wrap;html=1;arcSize=4;align=center;verticalAlign=middle;dashed=0;fillColor=#F8CECC;strokeColor=#AE4132;resIcon=mxgraph.aws4.ecr;" vertex="1" parent="c7lC3r-0lU0z2e9G8-gN-1">
          <mxGeometry x="40" y="180" width="120" height="60" as="geometry" />
        </mxCell>
        <mxCell id="c7lC3r-0lU0z2e9G8-gN-4" value="Repository&lt;br&gt;Template" style="rounded=1;whiteSpace=wrap;html=1;arcSize=4;align=center;verticalAlign=middle;dashed=0;fillColor=#dae8fc;strokeColor=#6c8ebf;" vertex="1" parent="c7lC3r-0lU0z2e9G8-gN-1">
          <mxGeometry x="240" y="80" width="120" height="60" as="geometry" />
        </mxCell>
        <mxCell id="c7lC3r-0lU0z2e9G8-gN-5" value="IAM Role" style="shape=mxgraph.aws4.iam_role;grIcon=mxgraph.aws4.iam;strokeColor=#147EFB;fillColor=#E6F2FF;verticalAlign=top;align=left;spacingLeft=30;fontColor=#147EFB;dashed=0;verticalLabelPosition=bottom;labelPosition=right;spacingTop=-5;" vertex="1" parent="c7lC3r-0lU0z2e9G8-gN-1">
          <mxGeometry x="240" y="180" width="120" height="60" as="geometry" />
        </mxCell>
        <mxCell id="c7lC3r-0lU0z2e9G8-gN-6" value="Registry Policy" style="rounded=1;whiteSpace=wrap;html=1;arcSize=4;align=center;verticalAlign=middle;dashed=0;fillColor=#F8CECC;strokeColor=#AE4132;" vertex="1" parent="c7lC3r-0lU0z2e9G8-gN-1">
          <mxGeometry x="440" y="80" width="120" height="60" as="geometry" />
        </mxCell>
        <mxCell id="c7lC3r-0lU0z2e9G8-gN-7" value="Pull Through Cache&lt;br&gt;Rule" style="rounded=1;whiteSpace=wrap;html=1;arcSize=4;align=center;verticalAlign=middle;dashed=0;fillColor=#F8CECC;strokeColor=#AE4132;" vertex="1" parent="c7lC3r-0lU0z2e9G8-gN-1">
          <mxGeometry x="440" y="180" width="120" height="60" as="geometry" />
        </mxCell>
        <mxCell id="c7lC3r-0lU0z2e9G8-gN-8" value="Scanning&lt;br&gt;Configuration" style="rounded=1;whiteSpace=wrap;html=1;arcSize=4;align=center;verticalAlign=middle;dashed=0;fillColor=#F8CECC;strokeColor=#AE4132;" vertex="1" parent="c7lC3r-0lU0z2e9G8-gN-1">
          <mxGeometry x="40" y="280" width="120" height="60" as="geometry" />
        </mxCell>
        <mxCell id="c7lC3r-0lU0z2e9G8-gN-9" value="Replication&lt;br&gt;Configuration" style="rounded=1;whiteSpace=wrap;html=1;arcSize=4;align=center;verticalAlign=middle;dashed=0;fillColor=#F8CECC;strokeColor=#AE4132;" vertex="1" parent="c7lC3r-0lU0z2e9G8-gN-1">
          <mxGeometry x="240" y="280" width="120" height="60" as="geometry" />
        </mxCell>
        <mxCell id="c7lC3r-0lU0z2e9G8-gN-10" value="Secrets Manager" style="shape=mxgraph.aws4.secrets_manager;grIcon=mxgraph.aws4.secrets_manager;strokeColor=#DD3502;fillColor=#FFCCCC;verticalAlign=top;align=left;spacingLeft=30;fontColor=#DD3502;dashed=0;verticalLabelPosition=bottom;labelPosition=right;spacingTop=-5;" vertex="1" parent="c7lC3r-0lU0z2e9G8-gN-1">
          <mxGeometry x="440" y="280" width="120" height="70" as="geometry" />
        </mxCell>
      </root>
    </mxGraphModel>
  </diagram>
</mxfile>