{
  "module": "ecr",
  "source": "terraform-aws-modules/ecr/aws",
  "resources": [
    {
      "type": "aws_ecr_repository",
      "name": "this",
      "properties": {
        "repository_name": {
          "type": "string",
          "value": ""
        },
        "repository_type": {
          "type": "string",
          "value": "private"
        },
        "repository_read_write_access_arns": {
          "type": "list",
          "value": []
        },
        "repository_read_access_arns": {
          "type": "list",
          "value": []
        },
        "repository_lambda_read_access_arns": {
          "type": "list",
          "value": []
        },        
        "repository_encryption_type": {
          "type": "string",
          "value": null
        },
        "repository_kms_key": {
          "type": "string",
          "value": null
        },
        "repository_force_delete": {
          "type": "bool",
          "value": null
        },
        "repository_image_scan_on_push": {
          "type": "bool",
          "value": true
        },
        "repository_image_tag_mutability": {
          "type": "string",
          "value": "IMMUTABLE"
        },
        "repository_image_tag_mutability_exclusion_filter": {
          "type": "list",
          "value": null
        },
        "tags": {
          "type": "map",
          "value": {}
        }
      },
      "example_usage": [
        {
          "repository_name": "private-example",
          "repository_read_write_access_arns": [
            "arn:aws:iam::012345678901:role/terraform"
          ],
          "repository_lifecycle_policy": {
            "rules": [
              {
                "rulePriority": 1,
                "description": "Keep last 30 images",
                "selection": {
                  "tagStatus": "tagged",
                  "tagPrefixList": ["v"],
                  "countType": "imageCountMoreThan",
                  "countNumber": 30
                },
                "action": {
                  "type": "expire"
                }
              }
            ]
          },
          "tags": {
            "Terraform": "true",
            "Environment": "dev"
          }
        },
        {
          "repository_name": "public-example",
          "repository_type": "public",
          "repository_read_write_access_arns": [
            "arn:aws:iam::012345678901:role/terraform"
          ],
          "public_repository_catalog_data": {
            "description": "Docker container for some things",
            "about_text": "${path.module}/files/ABOUT.md",
            "usage_text": "${path.module}/files/USAGE.md",
            "operating_systems": ["Linux"],
            "architectures": ["x86"],
            "logo_image_blob": "${filebase64(\"${path.module}/files/clowd.png\")}"
          },
          "tags": {
            "Terraform": "true",
            "Environment": "dev"
          }
        }
      ]

    },
    {
      "type": "aws_ecr_lifecycle_policy",
      "name": "this",
      "properties": {
        "repository": {
          "value": null,
          "type": "string"
        },
        "policy": {
          "value": null,
          "type": "string"
        }
      }
    },
        {
          "type": "aws_ecr_repository_policy",
          "name": "this",
          "properties": {
              "repository": {
                  "type": "string",
                  "value": null
              },
              "policy": {
                  "type": "string",
                  "value": null
              }
          }
      },
    {
      "type": "aws_ecrpublic_repository",
      "name": "this",
      "properties": {
        "repository_name": {
          "type": "string",
          "value": null
        },
        "catalog_data": {
          "type": "object",
          "value": null
        },
         "force_destroy": {
          "type": "bool",
          "value": false
        }
      }
    },
     {
      "type": "aws_ecrpublic_repository_policy",
      "name": "example",
      "properties": {
        "repository_name": {
          "type": "string",
          "value": null
        },
        "policy": {
          "type": "string",
          "value": null
        }
      }
    },
    {
      "type": "aws_ecr_registry_policy",
      "name": "this",
      "properties": {
        "policy": {
          "type": "string",
          "value": null
        }
      }
    },
    {
      "type": "aws_ecr_pull_through_cache_rule",
      "name": "this",
      "properties": {
        "ecr_repository_prefix": {
          "type": "string",
          "value": null
        },
        "upstream_registry_url": {
          "type": "string",
          "value": null
        },
        "credential_arn": {
          "type": "string",
          "value": null
        },
        "custom_role_arn": {
           "type": "string",
          "value": null
        },
        "upstream_repository_prefix": {
           "type": "string",
          "value": null
        },
        "region": {
           "type": "string",
          "value": null
        }

      }
    },
    {
      "type": "aws_ecr_registry_scanning_configuration",
      "name": "this",
      "properties": {
        "scan_type": {
          "type": "string",
          "value": "ENHANCED"
        },
        "rules": {
          "type": "list(object)",
          "value": null
        }
      }
    },
    {
      "type": "aws_ecr_replication_configuration",
      "name": "this",
      "properties": {
        "replication_configuration": {
          "type": "object",
          "value": null
        }
      }
    }
  ]
}