{
  "modules": [
    {
      "name": "vpc",
      "source": "../aws/modules/vpc"
    },
    {
      "name": "consul",
      "source": "hashicorp/consul/aws",
      "version": "0.1.0"
    },
    {
      "name": "consul",
      "source": "github.com/hashicorp/example"
    },
    {
      "name": "ram",
      "source": "git@github.com:SebastianUA/terraform.git//aws/modules/ram?ref=dev"
    },
    {
      "name": "vpc",
      "source": "git::https://example.com/vpc.git"
    },
    {
      "name": "storage",
      "source": "git::ssh://username@example.com/storage.git"
    },
    {
      "name": "vpc",
      "source": "https://example.com/vpc-module.zip"
    },
    {
      "name": "consul",
      "source": "s3::https://s3-eu-west-1.amazonaws.com/examplecorp-terraform-modules/vpc.zip"
    },
    {
      "name": "ram_owner",
      "source": "git@github.com:SebastianUA/terraform.git//aws/modules/ram?ref=dev",
      "properties": {
        "name": "tmp",
        "environment": "dev",
        "enable_ram_resource_share": true,
        "ram_resource_share_name": "test-ram-shared-resource-1",
        "ram_resource_share_allow_external_principals": true,
        "enable_ram_resource_association": true,
        "ram_resource_association_resource_arn": "arn:aws:ec2:YOUR_REGION_HERE:YOUR_AWSID_HERE:transit-gateway/tgw-095a7bb025f42d2b0",
        "tags": {
          "Env": "stage",
          "Orchestration": "Terraform"
        }
      },
      "providers": {
        "aws": "owner"
      }
    },
    {
      "name": "ram_main_accepter",
      "source": "git@github.com:SebastianUA/terraform.git//aws/modules/ram?ref=dev",
      "properties": {
        "name": "tmp",
        "environment": "dev",
        "enable_ram_principal_association": true,
        "ram_principal_association_resource_share_arn": "${module.ram_owner.ram_resource_share_id}",
        "ram_principal_association_principal": "${data.aws_caller_identity.current.account_id}",
        "enable_ram_resource_share_accepter": true,
        "ram_resource_share_accepter_share_arn": "${module.ram_owner.ram_principal_association_id}"
      },
      "depends_on": [
        "module.ram_owner"
      ]
    }
  ],
  "providers": [
    {
      "name": "aws",
      "alias": "owner",
      "region": "us-east-1",
      "shared_credentials_file": "~/.aws/credentials",
      "profile": "owner"
    },
    {
      "name": "aws",
      "region": "us-east-1",
      "shared_credentials_file": "~/.aws/credentials",
      "profile": "main"
    }
  ],
  "data": [
    {
      "type": "aws_caller_identity",
      "name": "current"
    }
  ],

  "terraform": {
    "required_version": "~> 0.13"
  }
}