<?xml version="1.0" encoding="UTF-8"?>
<mxfile host="app.diagrams.net" modified="2023-11-22T15:58:39.025Z" agent="Mozilla/5.0 (Windows NT 10.0; Win64; x64) AppleWebKit/537.36 (KHTML, like Gecko) Chrome/119.0.0.0 Safari/537.36" etag="W970pKq4Z3K6yL-lK0uN" version="21.6.4" type="device">
  <diagram name="Page-1" id="e6e99c58-66a3-1033-8a4a-420d45378355">
    <mxGraphModel dx="1423" dy="829" grid="1" gridSize="10" guides="1" tooltips="1" connect="1" arrows="1" fold="1" page="1" pageScale="1" pageWidth="850" pageHeight="1100" math="0" shadow="0">
      <root>
        <mxCell id="0" />
        <mxCell id="1" parent="0" />
        <mxCell id="vpc" value="VPC" style="rounded=0;whiteSpace=wrap;html=1;fillColor=#E0F0FF;strokeColor=#1980EC;verticalAlign=top;align=left;fontSize=12;fontStyle=1;spacingTop=2;arcSize=2;" vertex="1" parent="1">
          <mxGeometry x="80" y="80" width="640" height="560" as="geometry" />
        </mxCell>
        <mxCell id="public_subnets" value="Public Subnets" style="rounded=0;whiteSpace=wrap;html=1;fillColor=#E0F0FF;strokeColor=#1980EC;align=left;verticalAlign=top;fontSize=12;spacingTop=2;arcSize=2;" vertex="1" parent="vpc">
          <mxGeometry x="40" y="40" width="240" height="200" as="geometry" />
        </mxCell>
        <mxCell id="elb" value="Elastic Load&lt;br&gt;Balancer" style="shape=mxgraph.aws4.elastic_load_balancing;html=1;pointerEvents=1;fillColor=#F58534;strokeColor=#D95300;verticalLabelPosition=bottom;verticalAlign=top;labelPosition=center;align=center;resIcon=mxgraph.aws4.elastic_load_balancing;" vertex="1" parent="public_subnets">
          <mxGeometry x="40" y="60" width="60" height="60" as="geometry" />
        </mxCell>
        <mxCell id="private_subnets" value="Private Subnets" style="rounded=0;whiteSpace=wrap;html=1;fillColor=#E0F0FF;strokeColor=#1980EC;align=left;verticalAlign=top;fontSize=12;spacingTop=2;arcSize=2;" vertex="1" parent="vpc">
          <mxGeometry x="360" y="40" width="240" height="200" as="geometry" />
        </mxCell>
        <mxCell id="ec2" value="EC2 Instance&lt;br&gt;(Jenkins Master)" style="shape=mxgraph.aws4.ec2;html=1;pointerEvents=1;fillColor=#F58534;strokeColor=#D95300;verticalLabelPosition=bottom;verticalAlign=top;labelPosition=center;align=center;resIcon=mxgraph.aws4.ec2;" vertex="1" parent="private_subnets">
          <mxGeometry x="60" y="60" width="60" height="60" as="geometry" />
        </mxCell>
        <mxCell id="efs" value="EFS" style="shape=mxgraph.aws4.elastic_file_system;html=1;pointerEvents=1;fillColor=#277116;strokeColor=#205011;verticalLabelPosition=bottom;verticalAlign=top;labelPosition=center;align=center;resIcon=mxgraph.aws4.elastic_file_system;" vertex="1" parent="private_subnets">
          <mxGeometry x="160" y="60" width="60" height="60" as="geometry" />
        </mxCell>
        <mxCell id="ecr" value="ECR" style="shape=mxgraph.aws4.ecr;html=1;pointerEvents=1;fillColor=#D95300;strokeColor=#D95300;verticalLabelPosition=bottom;verticalAlign=top;labelPosition=center;align=center;resIcon=mxgraph.aws4.ecr;" vertex="1" parent="1">
          <mxGeometry x="240" y="480" width="60" height="60" as="geometry" />
        </mxCell>
        <mxCell id="codepipeline" value="CodePipeline" style="shape=mxgraph.aws4.codepipeline;html=1;pointerEvents=1;fillColor=#CD2264;strokeColor=#CD2264;verticalLabelPosition=bottom;verticalAlign=top;labelPosition=center;align=center;resIcon=mxgraph.aws4.codepipeline;" vertex="1" parent="1">
          <mxGeometry x="440" y="480" width="60" height="60" as="geometry" />
        </mxCell>
        <mxCell id="codebuild" value="CodeBuild" style="shape=mxgraph.aws4.codebuild;html=1;pointerEvents=1;fillColor=#F58534;strokeColor=#D95300;verticalLabelPosition=bottom;verticalAlign=top;labelPosition=center;align=center;resIcon=mxgraph.aws4.codebuild;" vertex="1" parent="1">
          <mxGeometry x="560" y="480" width="60" height="60" as="geometry" />
        </mxCell>
        <mxCell id="efs_backup" value="Backup (EFS)" style="shape=mxgraph.aws4.backup;html=1;pointerEvents=1;fillColor=#7AA300;strokeColor=#507212;verticalLabelPosition=bottom;verticalAlign=top;labelPosition=center;align=center;resIcon=mxgraph.aws4.backup;" vertex="1" parent="1">

          <mxGeometry x="80" y="480" width="60" height="60" as="geometry" />
        </mxCell>
      </root>
    </mxGraphModel>
  </diagram>
</mxfile>