{
  "module": "cloudposse/jenkins/aws",
  "providers": {
    "aws": {
      "region": "${var.region}"
    }
  },
  "resources": {
    "aws_elasticbeanstalk_application": {
      "description": "${var.description}",
      "name": "${module.this.id}"
    },
    "aws_elasticbeanstalk_environment": {
      "application": "${module.elastic_beanstalk_application.name}",
      "description": "${var.description}",
      "name": "${module.this.id}",
      "tier": "${var.environment_type}",
      "settings": [
        {
          "namespace": "aws:autoscaling:launchconfiguration",
          "name": "InstanceType",
          "value": "${var.master_instance_type}"
        },
        {
          "namespace": "aws:autoscaling:launchconfiguration",
          "name": "IamInstanceProfile",
          "value": "${module.elastic_beanstalk_environment.ec2_instance_profile_role_name}"
        },
        {
          "namespace": "aws:autoscaling:updatepolicy:rollingupdate",
          "name": "RollingUpdateType",
          "value": "${var.rolling_update_type}"
        },
        {
          "namespace": "aws:elasticbeanstalk:environment",
          "name": "LoadBalancerType",
          "value": "${var.loadbalancer_type}"
        },
        {
          "namespace": "aws:elasticbeanstalk:environment:process:default",
          "name": "Port",
          "value": "8080"
        },
        {
          "namespace": "aws:elasticbeanstalk:environment:process:default",
          "name": "HealthCheckURL",
          "value": "${var.healthcheck_url}"
        },
        {
          "namespace": "aws:elasticbeanstalk:environment:process:default",
          "name": "Protocol",
          "value": "HTTP"
        },
        {
          "namespace": "aws:ec2:vpc",
          "name": "VPCId",
          "value": "${var.vpc_id}"
        },
        {
          "namespace": "aws:ec2:vpc",
          "name": "Subnets",
          "value": "${join(\",\", var.application_subnets)}"
        },
        {
          "namespace": "aws:ec2:vpc",
          "name": "ELBSubnets",
          "value": "${join(\",\", var.loadbalancer_subnets)}"
        },
        {
          "namespace": "aws:autoscaling:launchconfiguration",
          "name": "SecurityGroups",
          "value": "${module.elastic_beanstalk_environment.security_group_id}"
        },
        {
          "namespace": "aws:elasticbeanstalk:application:environment",
          "name": "AWS_ACCESS_KEY_ID",
          "value": "${var.aws_access_key}"
        },
        {
          "namespace": "aws:elasticbeanstalk:application:environment",
          "name": "AWS_SECRET_ACCESS_KEY",
          "value": "${var.aws_secret_key}"
        },
        {
          "namespace": "aws:elasticbeanstalk:application:environment",
          "name": "EFS_HOST",
          "value": "${module.efs.host}"
        }
      ]
    },
    "aws_ecr_repository": {
      "name": "${module.this.id}"
    },
    "aws_efs_filesystem": {
      "creation_token": "${module.this.id}"
    },
    "aws_efs_mount_target": [
      {
        "for_each": { "az": "${var.availability_zones}" },
        "create_before_destroy": true,
        "file_system_id": "${module.efs.id}",
        "subnet_id": {
          "for_each": "${{az: var.availability_zones}}"
        }
      }
    ],
    "aws_codepipeline": {},
    "aws_codebuild_project": {},
    "aws_s3_bucket": [
      {
        "cicd_bucket": {},
        "loadbalancer_logs_bucket": {}
      }
    ],
    "aws_backup_vault": {},
    "aws_backup_plan": {},
    "aws_backup_selection": {},
    "aws_iam_role": {},
    "aws_iam_role_policy": {},
    "aws_iam_policy": {},
    "aws_iam_role_policy_attachment": {},
    "aws_iam_instance_profile": {},
    "aws_route53_record": {},
    "aws_security_group": {},
    "aws_security_group_rule": {}
  },
  "variables": {
    "availability_zones": {},
    "aws_account_id": {},
    "build_compute_type": {},
    "build_image": {},
    "description": {},
    "dns_zone_id": {},
    "efs_backup_schedule": {},
    "efs_backup_start_window": {},
    "efs_backup_completion_window": {},
    "efs_backup_cold_storage_after": {},
    "efs_backup_delete_after": {},
    "enabled": {},
    "environment_type": {},
    "github_oauth_token": {},
    "github_organization": {},
    "github_repo_name": {},
    "github_branch": {},
    "healthcheck_url": {},
    "image_tag": {},
    "loadbalancer_certificate_arn": {},
    "loadbalancer_logs_bucket_force_destroy": {},
    "loadbalancer_subnets": {},
    "loadbalancer_type": {},
    "master_instance_type": {},
    "name": {},
    "namespace": {},
    "region": {},
    "rolling_update_type": {},
    "solution_stack_name": {},
    "ssh_key_pair": {},
    "stage": {},
    "vpc_id": {},
    "use_efs_ip_address": {},
    "jenkins_username": {},
    "jenkins_password": {},
    "jenkins_num_executors": {},
    "env_vars": {}
  }
}