<?xml version="1.0" encoding="UTF-8"?>
<mxfile host="app.diagrams.net" modified="2023-11-22T18:23:20.669Z" agent="5.0 (Windows NT 10.0; Win64; x64) AppleWebKit/537.36 (KHTML, like Gecko) Chrome/119.0.0.0 Safari/537.36" etag="dQ2J0qU1m9W1h63N2360" version="21.6.8" type="device">
  <diagram id="R7n9r-PLQfVT4cFRd-rU" name="Page-1">
    <mxGraphModel dx="1422" dy="782" grid="1" gridSize="10" guides="1" tooltips="1" connect="1" arrows="1" fold="1" page="1" pageScale="1" pageWidth="850" pageHeight="1100" math="0" shadow="0">
      <root>
        <mxCell id="0" />
        <mxCell id="1" parent="0" />
        <mxCell id="m17K2M3Z1Tnv769B3c0F-1" value="VPC" style="shape=mxgraph.aws4.group_vpc;verticalAlign=top;align=left;spacingTop=30;labelPosition=center;verticalLabelPosition=top;spacingLeft=10;dashed=0;fillColor=#F58536;strokeColor=#cd7f32;verticalAlign=top;align=left;spacingTop=-5;html=1;fontSize=12;fontStyle=0;fontColor=#000000;" parent="1" vertex="1">
          <mxGeometry x="80" y="40" width="700" height="480" as="geometry" />
        </mxCell>
        <mxCell id="m17K2M3Z1Tnv769B3c0F-2" value="Subnets" style="shape=mxgraph.aws4.group_security_group;verticalAlign=top;align=left;spacingTop=20;labelPosition=center;verticalLabelPosition=top;spacingLeft=10;dashed=0;fillColor=none;strokeColor=#000000;verticalAlign=top;align=left;spacingTop=-5;html=1;fontSize=12;fontStyle=0;fontColor=#000000;" parent="m17K2M3Z1Tnv769B3c0F-1" vertex="1">
          <mxGeometry x="40" y="80" width="620" height="360" as="geometry" />
        </mxCell>
        <mxCell id="m17K2M3Z1Tnv769B3c0F-3" value="Subnet 1" style="rounded=0;whiteSpace=wrap;html=1;fillColor=none;align=center;" parent="m17K2M3Z1Tnv769B3c0F-2" vertex="1">
          <mxGeometry x="20" y="40" width="120" height="60" as="geometry" />
        </mxCell>
        <mxCell id="m17K2M3Z1Tnv769B3c0F-4" value="Subnet 2" style="rounded=0;whiteSpace=wrap;html=1;fillColor=none;align=center;" parent="m17K2M3Z1Tnv769B3c0F-2" vertex="1">
          <mxGeometry x="160" y="40" width="120" height="60" as="geometry" />
        </mxCell>
        <mxCell id="m17K2M3Z1Tnv769B3c0F-5" value="Subnet N" style="rounded=0;whiteSpace=wrap;html=1;fillColor=none;align=center;" parent="m17K2M3Z1Tnv769B3c0F-2" vertex="1">
          <mxGeometry x="460" y="40" width="120" height="60" as="geometry" />
        </mxCell>
        <mxCell id="m17K2M3Z1Tnv769B3c0F-8" value="EFS" style="shape=mxgraph.aws4.elastic_file_system;html=1;resIcon=mxgraph.aws4.elastic_file_system;fontSize=12;fontColor=#000000;" parent="m17K2M3Z1Tnv769B3c0F-1" vertex="1">
          <mxGeometry x="240" y="160" width="60" height="75" as="geometry" />
        </mxCell>
        <mxCell id="m17K2M3Z1Tnv769B3c0F-9" value="Mount Target" style="shape=mxgraph.aws4.mount_target;html=1;resIcon=mxgraph.aws4.mount_target;fontSize=12;fontColor=#000000;" parent="m17K2M3Z1Tnv769B3c0F-2" vertex="1">
          <mxGeometry x="60" y="130" width="60" height="60" as="geometry" />
        </mxCell>
        <mxCell id="m17K2M3Z1Tnv769B3c0F-10" value="Mount Target" style="shape=mxgraph.aws4.mount_target;html=1;resIcon=mxgraph.aws4.mount_target;fontSize=12;fontColor=#000000;" parent="m17K2M3Z1Tnv769B3c0F-2" vertex="1">
          <mxGeometry x="200" y="130" width="60" height="60" as="geometry" />
        </mxCell>
        <mxCell id="m17K2M3Z1Tnv769B3c0F-11" value="Mount Target" style="shape=mxgraph.aws4.mount_target;html=1;resIcon=mxgraph.aws4.mount_target;fontSize=12;fontColor=#000000;" parent="m17K2M3Z1Tnv769B3c0F-2" vertex="1">
          <mxGeometry x="500" y="130" width="60" height="60" as="geometry" />
        </mxCell>
        <mxCell id="m17K2M3Z1Tnv769B3c0F-12" value="Security Group" style="shape=mxgraph.aws4.security_group;html=1;resIcon=mxgraph.aws4.security_group;fontSize=12;fontColor=#000000;" parent="1" vertex="1">
          <mxGeometry x="300" y="360" width="70" height="73" as="geometry" />
        </mxCell>
        <mxCell id="m17K2M3Z1Tnv769B3c0F-13" value="" style="endArrow=classic;html=1;rounded=0;entryX=0.5;entryY=0;entryDx=0;entryDy=0;exitX=0.5;exitY=1;exitDx=0;exitDy=0;" parent="1" source="m17K2M3Z1Tnv769B3c0F-8" target="m17K2M3Z1Tnv769B3c0F-12" edge="1">
          <mxGeometry width="50" height="50" relative="1" as="geometry">
            <mxPoint x="450" y="440" as="sourcePoint" />
            <mxPoint x="500" y="390" as="targetPoint" />
          </mxGeometry>
        </mxCell>
        <mxCell id="m17K2M3Z1Tnv769B3c0F-15" value="Route53" style="shape=mxgraph.aws4.route_53;html=1;resIcon=mxgraph.aws4.route_53;fontSize=12;fontColor=#000000;" parent="1" vertex="1">
          <mxGeometry x="540" y="360" width="71" height="78" as="geometry" />
        </mxCell>
        <mxCell id="m17K2M3Z1Tnv769B3c0F-16" value="" style="endArrow=classic;html=1;rounded=0;entryX=0;entryY=0.5;entryDx=0;entryDy=0;exitX=1;exitY=0.5;exitDx=0;exitDy=0;" parent="1" source="m17K2M3Z1Tnv769B3c0F-8" target="m17K2M3Z1Tnv769B3c0F-15" edge="1">
          <mxGeometry width="50" height="50" relative="1" as="geometry">
            <mxPoint x="430" y="470" as="sourcePoint" />
            <mxPoint x="480" y="420" as="targetPoint" />
          </mxGeometry>
        </mxCell>
      </root>
    </mxGraphModel>
  </diagram>
</mxfile>