{
  "module": "efs",
  "source": "cloudposse/efs/aws",
  "variables": {
    "namespace": "eg",
    "stage": "test",
    "name": "app",
    "region": "us-west-1",
    "vpc_id": {
      "type": "variable",
      "name": "vpc_id"
    },
    "subnets": {
      "type": "variable",
      "name": "private_subnets"
    },
    "zone_id": [
      {
        "type": "variable",
        "name": "aws_route53_dns_zone_id"
      }
    ],
    "allowed_security_group_ids": [
      {
        "type": "variable",
        "name": "security_group_id"
      }
    ]
  },
  "resources": {
    "aws_efs_file_system": {
      "create": true
    },
    "aws_efs_mount_target": {
      "create": true,
      "count_depends_on": "var.subnets"
    },
    "aws_efs_access_point": {
      "create": true,
      "count_depends_on": "var.access_points"
       },
    "aws_efs_file_system_policy": {
      "create_conditional": "var.efs_file_system_policy != \"\"",
      "depends_on": "aws_efs_file_system"
    },
    "aws_efs_backup_policy": {
      "create_conditional": "var.efs_backup_policy_enabled",
      "depends_on": "aws_efs_file_system"
    },
    "aws_route53_record": {
      "create_conditional": "var.zone_id != null && length(var.zone_id) > 0 && var.dns_name != \"\"",
      "depends_on": ["aws_efs_file_system", "aws_efs_mount_target"]
    },
    "aws_security_group": {
      "create_conditional": "var.create_security_group",
      "depends_on": "aws_efs_file_system",
      "outputs": [
        "security_group_id"
      ]
    }

  },

  "outputs": [
    "id",
    "arn",
    "dns_name",
    "mount_target_ids",
    "mount_target_dns_names",
    "mount_target_ips",
    "security_group_id",
    "security_group_arn",
    "security_group_name",
    "network_interface_ids",
    "access_point_ids",
    "access_point_arns",
    "host"
  ]
}