{
  "module": "cloudposse/ecs-web-app/aws",
  "resources": {
    "aws_ecs_cluster": {
      "type": "aws_ecs_cluster",
      "name": "default",
      "properties": {}
    },
    "aws_cloudwatch_log_group": {
      "type": "aws_cloudwatch_log_group",
      "name": "app",
      "properties": {
        "retention_in_days": 90
      }
    },
    "aws_ecs_task_definition": {
      "type": "aws_ecs_task_definition",
      "properties": {
        "container_definitions": {
          "generate_from_module": "container_definition",
          "properties": {
            "container_environment": [
              {
                "name": "COOKIE",
                "value": "cookiemonster"
              },
              {
                "name": "PORT",
                "value": "80"
              }
            ],
            "image": "cloudposse/default-backend",
            "port_mappings": [
              {
                "containerPort": 80,
                "hostPort": 80,
                "protocol": "tcp"
              }
            ],            
            "cpu": 256,
            "memory": 512,
            "memory_reservation": 128
          }
        },
        "execution_role_arn": {
          "references": "aws_iam_role.ecs_task_execution_role"
        },
        "family": {
          "generate_from_module": "this"
        },
        "requires_compatibilities": [
          "FARGATE"
        ],
        "network_mode": "awsvpc",
        "cpu": {
          "references_property": "task_cpu",
          "if_null_use_property": "container_cpu"
        },
        "memory": {
          "references_property": "task_memory",
          "if_null_use_property": "container_memory"
        }
      }

    },
    "aws_ecs_service": {
      "type": "aws_ecs_service",
      "properties": {
        "cluster": {
          "references": "aws_ecs_cluster.default.arn"
        },
        "deployment_controller": {
          "type": "ECS"
        },
        "desired_count": 1,
        "launch_type": "FARGATE",
        "name": {
          "generate_from_module": "this"
        },
        "network_configuration": {
          "subnets": {
            "references": "private_subnet_ids"
          },
          "security_groups": {
            "references": "ecs_security_group_ids"
          },
          "assign_public_ip": false
        },
        "task_definition": {
            "references": "aws_ecs_task_definition"
        }
      }
    },
    "aws_alb_target_group": {
      "type": "aws_alb_target_group",
      "properties": {
        "target_type": "ip",
        "port": 80,
        "protocol": "HTTP",
        "vpc_id": {
          "references": "vpc_id"
        }
      },
      "create_if": "alb_ingress_enable_default_target_group",
      "count": {
        "references_property": "alb_ingress_unauthenticated_listener_arns_count"
      }
    },
    "aws_alb_listener_rule": {
      "type": "aws_alb_listener_rule",
      "properties": {
        "listener_arn": {
          "references_module_output": "alb.listener_arns"
        },
        "priority": 1000,
        "action": [
          {
            "type": "forward",
            "target_group_arn": {
              "references": "aws_alb_target_group.arn"
            }
          }
        ],
        "condition": [
          {
            "path_pattern": {
              "values": {
                "references": "alb_ingress_unauthenticated_paths"
              }
            }
          }
        ]
      },
      "count": {
        "references_property": "alb_ingress_unauthenticated_listener_arns_count"
      }

    },
    "aws_iam_role": {
      "type": "aws_iam_role",
      "name": "ecs_task_execution_role",
      "properties": {
        "assume_role_policy": {
          "generate_from_module": "null_label",
          "properties": {}
        }
      }
    }
  },
  "variables": {
    "alb_ingress_unauthenticated_listener_arns": {
      "references_module_output": "alb.listener_arns"
    },
    "alb_ingress_unauthenticated_listener_arns_count": 1,
    "aws_logs_region": "us-east-2",    
    "ecs_cluster_arn": {
      "references": "aws_ecs_cluster.default.arn"
    },
    "ecs_cluster_name": {
        "references": "aws_ecs_cluster.default.name"
    },
    "ecs_security_group_ids": [
      {
        "references_module_output": "vpc.vpc_default_security_group_id"
      }
    ],
    "ecs_private_subnet_ids": {
      "references_module_output": "subnets.private_subnet_ids"
    },
    "alb_ingress_healthcheck_path": "/healthz",
    "alb_ingress_unauthenticated_paths": [
      "/*"
    ],
    "codepipeline_enabled": false,
    "vpc_id": {
        "references_module_output": "vpc.vpc_id"
    }
  },
  "dependencies": {
      "vpc": {},
      "subnets": {},
      "alb": {}
  }
}