<?xml version="1.0" encoding="UTF-8"?>
<mxfile host="app.diagrams.net" modified="2024-12-05T21:27:43.442Z" agent="Mozilla/5.0 (Macintosh; Intel Mac OS X 10_15_7) AppleWebKit/605.1.15 (KHTML, like Gecko) Version/16.6 Safari/605.1.15" etag="X85-O5uH5270Wv3J3V1f" version="22.1.3" type="device">
  <diagram name="Page-1" id="e7e09c77-3678-963c-c67f-724487f0e767">
    <mxGraphModel dx="1118" dy="718" grid="1" gridSize="10" guides="1" tooltips="1" connect="1" arrows="1" fold="1" page="1" pageScale="1" pageWidth="850" pageHeight="1100" background="#ffffff" math="0" shadow="0">
      <root>
        <mxCell id="0" />
        <mxCell id="1" parent="0" />
        <mxCell id="vpc" value="VPC" style="shape=mxgraph.aws4.group_vpc;grIcon=mxgraph.aws4.vpc;strokeColor=#147EBA;fillColor=none;verticalAlign=top;align=left;spacingLeft=30;fontColor=#147EBA;dashed=0;verticalLabelPosition=bottom;labelBackgroundColor=#ffffff;" parent="1" vertex="1">
          <mxGeometry x="40" y="40" width="770" height="580" as="geometry" />
        </mxCell>
        <mxCell id="subnets" value="Subnets" style="shape=mxgraph.aws4.group_subnet;grIcon=mxgraph.aws4.subnet;strokeColor=#147EBA;fillColor=none;verticalAlign=top;align=left;spacingLeft=30;fontColor=#147EBA;dashed=0;verticalLabelPosition=bottom;labelBackgroundColor=#ffffff;" parent="vpc" vertex="1">
          <mxGeometry x="40" y="80" width="700" height="460" as="geometry" />
        </mxCell>
        <mxCell id="ec2_instances" value="EC2 Instances" style="shape=mxgraph.aws4.group_ec2_instance;grIcon=mxgraph.aws4.ec2;strokeColor=#F58534;fillColor=none;verticalAlign=top;align=left;spacingLeft=30;fontColor=#F58534;dashed=0;verticalLabelPosition=bottom;labelBackgroundColor=#ffffff;" parent="subnets" vertex="1">
          <mxGeometry x="40" y="80" width="630" height="350" as="geometry" />
        </mxCell>
        <mxCell id="eks_node_group" value="EKS Node Group" style="shape=mxgraph.aws4.eks_nodegroup;resIcon=mxgraph.aws4.eks_nodegroup;labelPosition=center;verticalLabelPosition=bottom;align=center;verticalAlign=top;strokeColor=#2393D7;fillColor=#5A6C86;fontColor=#ffffff;dashed=0;" parent="1" vertex="1">
          <mxGeometry x="200" y="660" width="120" height="60" as="geometry" />
        </mxCell>
        <mxCell id="launch_template" value="Launch Template" style="shape=mxgraph.aws4.launch_template;resIcon=mxgraph.aws4.launch_template;labelPosition=center;verticalLabelPosition=bottom;align=center;verticalAlign=top;strokeColor=#D86613;fillColor=#F58534;fontColor=#ffffff;dashed=0;" parent="1" vertex="1">
          <mxGeometry x="480" y="660" width="120" height="60" as="geometry" />
        </mxCell>
        <mxCell id="iam_role" value="IAM Role" style="shape=mxgraph.aws4.iam_role;resIcon=mxgraph.aws4.iam_role;labelPosition=center;verticalLabelPosition=bottom;align=center;verticalAlign=top;strokeColor=#D86613;fillColor=#F58534;fontColor=#ffffff;dashed=0;" parent="1" vertex="1">
          <mxGeometry x="340" y="660" width="120" height="60" as="geometry" />
        </mxCell>
        <mxCell id="eks_cluster" value="EKS Cluster" style="shape=mxgraph.aws4.eks_cluster;resIcon=mxgraph.aws4.eks;labelPosition=center;verticalLabelPosition=bottom;align=center;verticalAlign=top;strokeColor=#2393D7;fillColor=#5A6C86;fontColor=#ffffff;dashed=0;" parent="1" vertex="1">
          <mxGeometry x="60" y="660" width="120" height="60" as="geometry" />
        </mxCell>
        <mxCell id="edge1" value="" style="endArrow=classic;html=1;rounded=0;entryX=0.5;entryY=0;entryDx=0;entryDy=0;exitX=0.5;exitY=1;exitDx=0;exitDy=0;" parent="1" source="eks_node_group" target="subnets" edge="1">
          <mxGeometry relative="1" as="geometry" />
        </mxCell>
        <mxCell id="edge2" value="" style="endArrow=classic;html=1;rounded=0;entryX=0.5;entryY=1;entryDx=0;entryDy=0;exitX=0.5;exitY=0;exitDx=0;exitDy=0;" parent="1" source="launch_template" target="eks_node_group" edge="1">
          <mxGeometry relative="1" as="geometry" />
        </mxCell>
        <mxCell id="edge3" value="" style="endArrow=classic;html=1;rounded=0;entryX=0;entryY=0.5;entryDx=0;entryDy=0;exitX=1;exitY=0.5;exitDx=0;exitDy=0;" parent="1" source="iam_role" target="launch_template" edge="1">
          <mxGeometry relative="1" as="geometry" />
        </mxCell>
        <mxCell id="edge4" value="" style="endArrow=classic;html=1;rounded=0;entryX=1;entryY=0.5;entryDx=0;entryDy=0;exitX=0;exitY=0.5;exitDx=0;exitDy=0;" parent="1" source="eks_node_group" target="eks_cluster" edge="1">
          <mxGeometry relative="1" as="geometry" />
        </mxCell>
      </root>
    </mxGraphModel>
  </diagram>
</mxfile>