{
  "module": "cloudposse/eks-node-group/aws",
  "description": "Terraform module to provision an EKS Managed Node Group for Elastic Kubernetes Service.",
  "resources": {
    "aws_eks_node_group": {
      "create_before_destroy": true,
      "immediately_apply_lt_changes": null,
      "cluster_name": {
        "source": "module.eks_cluster.eks_cluster_id"
      },
      "kubernetes_version": {
        "conditional": {
          "condition": "var.kubernetes_version == null || var.kubernetes_version == \"\"",
          "true_value": [],
          "false_value": [
            {
              "source": "var.kubernetes_version"
            }
          ]
        }
      },
      "subnet_ids": {
        "source": "module.subnets.public_subnet_ids"
      },
      "instance_types": {
        "source": "var.instance_type"
      },
        "min_size": {
            "source": "var.min_size"
        },
        "max_size": {
            "source": "var.max_size"
        },
        "desired_size": {
            "source": "var.desired_size"
        },
      "cluster_autoscaler_enabled": {
        "source": "var.autoscaling_policies_enabled"
      },
      "node_role_arn": null,
      "ami_type": "AL2_x86_64",
      "launch_template_id": null,
      "update_config": [],
      "tags": {
        "source": "local.tags"
      },
      "depends_on": [
        "module.eks_cluster.kubernetes_config_map_id"
      ]
    },
    "aws_launch_template": {
      "create_new": true
    },

    "aws_iam_role": {
      "create_new": true,
      "attach_amazon_eks_worker_node_policy": true,
      "attach_amazon_ec2_container_registry_read_only_policy": true
    },
    "aws_security_group": {
        "create_new": true,
        "ssh_access_security_group_ids": []
    }
  }
}