<?xml version="1.0" encoding="UTF-8"?>
<mxfile host="app.diagrams.net" modified="2024-01-11T20:24:26.693Z" agent="Mozilla/5.0 (Windows NT 10.0; Win64; x64) AppleWebKit/537.36 (KHTML, like Gecko) Chrome/118.0.0.0 Safari/537.36" etag="6aM8Qv6r2J40267e48dJ" version="21.8.2" type="device">
  <diagram id="R2lEEEUB3H4e8zkxNH0c" name="Page-1">
    <mxGraphModel dx="1422" dy="794" grid="1" gridSize="10" guides="1" tooltips="1" connect="1" arrows="1" fold="1" page="1" pageScale="1" pageWidth="850" pageHeight="1100" math="0" shadow="0">
      <root>
        <mxCell id="0" />
        <mxCell id="1" parent="0" />
        <mxCell id="z_D77-gZq5-9qM86_p6F-1" value="AWS" style="shape=mxgraph.aws4.group;grIcon=mxgraph.aws4.group_aws_cloud;strokeColor=#232F3E;fillColor=none;verticalAlign=top;align=left;spacingLeft=30;fontColor=#232F3E;dashed=0;verticalLabelPosition=bottom;labelPosition=right;fontSize=14" vertex="1" parent="1">
          <mxGeometry x="80" y="40" width="690" height="620" as="geometry" />
        </mxCell>
        <mxCell id="z_D77-gZq5-9qM86_p6F-2" value="VPC" style="shape=mxgraph.aws4.group_vpc;grIcon=mxgraph.aws4.group_vpc;strokeColor=#232F3E;fillColor=none;verticalAlign=top;align=left;spacingLeft=30;fontColor=#232F3E;dashed=0;verticalLabelPosition=bottom;labelPosition=right;fontSize=12" vertex="1" parent="z_D77-gZq5-9qM86_p6F-1">
          <mxGeometry x="20" y="40" width="650" height="560" as="geometry" />
        </mxCell>
        <mxCell id="z_D77-gZq5-9qM86_p6F-3" value="Subnet Group" style="rounded=1;whiteSpace=wrap;html=1;fillColor=#E8F5FD;strokeColor=#99CCEF;fontSize=12;" vertex="1" parent="z_D77-gZq5-9qM86_p6F-2">
          <mxGeometry x="40" y="40" width="120" height="60" as="geometry" />
        </mxCell>
        <mxCell id="z_D77-gZq5-9qM86_p6F-4" value="Replication Instance" style="shape=mxgraph.aws4.database_migration_service;resIcon=mxgraph.aws4.database_migration_service;strokeColor=#D86613;fillColor=#F58534;verticalAlign=top;align=center;fontSize=12;fontColor=#ffffff;spacingTop=-2;" vertex="1" parent="z_D77-gZq5-9qM86_p6F-2">
          <mxGeometry x="200" y="40" width="120" height="60" as="geometry" />
        </mxCell>
        <mxCell id="z_D77-gZq5-9qM86_p6F-5" value="Endpoint" style="shape=mxgraph.aws4.resourceIcon;resIcon=mxgraph.aws4.dms;strokeColor=#D86613;fillColor=#F58534;verticalAlign=top;align=center;fontSize=12;fontColor=#ffffff;spacingTop=-2;" vertex="1" parent="z_D77-gZq5-9qM86_p6F-2">
          <mxGeometry x="360" y="40" width="120" height="60" as="geometry" />
        </mxCell>
        <mxCell id="z_D77-gZq5-9qM86_p6F-6" value="S3 Endpoint" style="shape=mxgraph.aws4.resourceIcon;resIcon=mxgraph.aws4.s3;strokeColor=#232F3E;fillColor=#5692BE;verticalAlign=top;align=center;fontSize=12;fontColor=#ffffff;spacingTop=-2;" vertex="1" parent="z_D77-gZq5-9qM86_p6F-2">
          <mxGeometry x="520" y="40" width="120" height="60" as="geometry" />
        </mxCell>
        <mxCell id="z_D77-gZq5-9qM86_p6F-7" value="Replication Task" style="rounded=1;whiteSpace=wrap;html=1;fillColor=#E8F5FD;strokeColor=#99CCEF;fontSize=12;" vertex="1" parent="z_D77-gZq5-9qM86_p6F-2">
          <mxGeometry x="280" y="140" width="120" height="60" as="geometry" />
        </mxCell>
        <mxCell id="z_D77-gZq5-9qM86_p6F-8" value="Replication Config" style="rounded=1;whiteSpace=wrap;html=1;fillColor=#E8F5FD;strokeColor=#99CCEF;fontSize=12;" vertex="1" parent="z_D77-gZq5-9qM86_p6F-2">
          <mxGeometry x="440" y="140" width="120" height="60" as="geometry" />
        </mxCell>
        <mxCell id="z_D77-gZq5-9qM86_p6F-9" value="Event Subscription" style="shape=mxgraph.aws4.sns;resIcon=mxgraph.aws4.sns;strokeColor=#D86613;fillColor=#F58534;verticalAlign=top;align=center;fontSize=12;fontColor=#ffffff;spacingTop=-2;" vertex="1" parent="z_D77-gZq5-9qM86_p6F-2">
          <mxGeometry x="120" y="140" width="120" height="60" as="geometry" />
        </mxCell>
        <mxCell id="z_D77-gZq5-9qM86_p6F-10" value="Certificate" style="rounded=1;whiteSpace=wrap;html=1;fillColor=#E8F5FD;strokeColor=#99CCEF;fontSize=12;" vertex="1" parent="z_D77-gZq5-9qM86_p6F-2">
          <mxGeometry x="40" y="240" width="120" height="60" as="geometry" />
        </mxCell>
        <mxCell id="z_D77-gZq5-9qM86_p6F-11" value="IAM Role (Access)" style="shape=mxgraph.aws4.iam_role;resIcon=mxgraph.aws4.iam_role;strokeColor=#D86613;fillColor=#F58534;verticalAlign=top;align=center;fontSize=12;fontColor=#ffffff;spacingTop=-2;" vertex="1" parent="z_D77-gZq5-9qM86_p6F-2">
          <mxGeometry x="200" y="240" width="120" height="60" as="geometry" />
        </mxCell>
        <mxCell id="z_D77-gZq5-9qM86_p6F-12" value="IAM Role (Endpoint)" style="shape=mxgraph.aws4.iam_role;resIcon=mxgraph.aws4.iam_role;strokeColor=#D86613;fillColor=#F58534;verticalAlign=top;align=center;fontSize=12;fontColor=#ffffff;spacingTop=-2;" vertex="1" parent="z_D77-gZq5-9qM86_p6F-2">
          <mxGeometry x="360" y="240" width="120" height="60" as="geometry" />
        </mxCell>
        <mxCell id="z_D77-gZq5-9qM86_p6F-13" value="IAM Role (CloudWatch Logs)" style="shape=mxgraph.aws4.iam_role;resIcon=mxgraph.aws4.iam_role;strokeColor=#D86613;fillColor=#F58534;verticalAlign=top;align=center;fontSize=12;fontColor=#ffffff;spacingTop=-2;" vertex="1" parent="z_D77-gZq5-9qM86_p6F-2">
          <mxGeometry x="520" y="240" width="120" height="60" as="geometry" />
        </mxCell>
        <mxCell id="z_D77-gZq5-9qM86_p6F-14" value="IAM Role (VPC)" style="shape=mxgraph.aws4.iam_role;resIcon=mxgraph.aws4.iam_role;strokeColor=#D86613;fillColor=#F58534;verticalAlign=top;align=center;fontSize=12;fontColor=#ffffff;spacingTop=-2;" vertex="1" parent="z_D77-gZq5-9qM86_p6F-2">
          <mxGeometry x="360" y="340" width="120" height="60" as="geometry" />
        </mxCell>

      </root>
    </mxGraphModel>
  </diagram>
</mxfile>