{
  "module": "dms",
  "source": "terraform-aws-modules/dms/aws",
  "version": "~> 2.0",
  "resources": {
    "aws_dms_replication_subnet_group": {
      "repl_subnet_group_name": "example",
      "repl_subnet_group_description": "DMS Subnet group",
      "repl_subnet_group_subnet_ids": [
        "subnet-1fe3d837",
        "subnet-129d66ab",
        "subnet-1211eef5"
      ],
      "tags": {
        "Terraform": "true",
        "Environment": "dev"
      }
    },
    "aws_dms_replication_instance": {
      "repl_instance_allocated_storage": 64,
      "repl_instance_auto_minor_version_upgrade": true,
      "repl_instance_allow_major_version_upgrade": true,
      "repl_instance_apply_immediately": true,
      "repl_instance_engine_version": "3.5.2",
      "repl_instance_multi_az": true,
      "repl_instance_preferred_maintenance_window": "sun:10:30-sun:14:30",
      "repl_instance_publicly_accessible": false,
      "repl_instance_class": "dms.t3.large",
      "repl_instance_id": "example",
      "repl_instance_vpc_security_group_ids": [
        "sg-12345678"
      ],
       "tags": {
        "Terraform": "true",
        "Environment": "dev"
      }
    },
    "aws_dms_endpoint": {
      "source": {
        "database_name": "example",
        "endpoint_id": "example-source",
        "endpoint_type": "source",
        "engine_name": "aurora-postgresql",
        "extra_connection_attributes": "heartbeatFrequency=1;",
        "username": "postgresqlUser",
        "password": "youShouldPickABetterPassword123!",
        "port": 5432,
        "server_name": "dms-ex-src.cluster-abcdefghijkl.us-east-1.rds.amazonaws.com",
        "ssl_mode": "none",
        "tags": {
          "EndpointType": "source",
          "Terraform": "true",
          "Environment": "dev"
        }
      },
      "destination": {
        "database_name": "example",
        "endpoint_id": "example-destination",
        "endpoint_type": "target",
        "engine_name": "aurora",
        "username": "mysqlUser",
        "password": "passwordsDoNotNeedToMatch789?",
        "port": 3306,
        "server_name": "dms-ex-dest.cluster-abcdefghijkl.us-east-1.rds.amazonaws.com",
        "ssl_mode": "none",
        "tags": {
          "EndpointType": "destination",
          "Terraform": "true",
          "Environment": "dev"
        }
      }
    },
    "aws_dms_replication_task": {
      "cdc_ex": {
        "replication_task_id": "example-cdc",
        "migration_type": "cdc",
        "replication_task_settings": "file(\"task_settings.json\")",
        "table_mappings": "file(\"table_mappings.json\")",
        "source_endpoint_key": "source",
        "target_endpoint_key": "destination",
         "tags": {
           "Task": "PostgreSQL-to-MySQL",
           "Terraform": "true",
           "Environment": "dev"
         }
      }
    },
    "aws_dms_event_subscription": {
      "instance": {
        "name": "instance-events",
        "enabled": true,
        "instance_event_subscription_keys": [
          "example"
        ],
        "source_type": "replication-instance",
        "sns_topic_arn": "arn:aws:sns:us-east-1:012345678910:example-topic",
        "event_categories": [
          "failure",
          "creation",
          "deletion",
          "maintenance",
          "failover",
          "low storage",
          "configuration change"
        ],
         "tags": {
          "Terraform": "true",
          "Environment": "dev"
        }
      },
      "task": {
        "name": "task-events",
        "enabled": true,
        "task_event_subscription_keys": [
          "cdc_ex"
        ],
        "source_type": "replication-task",
        "sns_topic_arn": "arn:aws:sns:us-east-1:012345678910:example-topic",
        "event_categories": [
          "failure",
          "state change",
          "creation",
          "deletion",
          "configuration change"
        ],
         "tags": {
          "Terraform": "true",
          "Environment": "dev"
        }
      }
    }
  }
}