<?xml version="1.0" encoding="UTF-8"?>
<mxfile host="app.diagrams.net" modified="2023-10-27T14:25:52.597Z" agent="Mozilla/5.0 (Windows NT 10.0; Win64; x64) AppleWebKit/537.36 (KHTML, like Gecko) Chrome/118.0.0.0 Safari/537.36" etag="yO6aF91b9X1s-c2dQ4_B" version="21.8.2" type="device">
  <diagram name="Page-1" id="2YBvvXClWsGukQMizWep">
    <mxGraphModel dx="1422" dy="794" grid="1" gridSize="10" guides="1" tooltips="1" connect="1" arrows="1" fold="1" page="1" pageScale="1" pageWidth="850" pageHeight="1100" math="0" shadow="0">
      <root>
        <mxCell id="0" />
        <mxCell id="1" parent="0" />
        <mxCell id="3nuBFxr9cyL0pnOWT99N-1" value="AWS Account" style="shape=mxgraph.aws4.group;grIcon=mxgraph.aws4.group_aws_cloud;strokeColor=#232F3E;fillColor=none;verticalAlign=top;align=left;spacingLeft=30;dashed=0;verticalLabelPosition=bottom;labelPosition=right;spacingTop=-20;fontColor=#232F3E;fontSize=12;" parent="1" vertex="1">
          <mxGeometry x="80" y="80" width="680" height="540" as="geometry" />
        </mxCell>
        <mxCell id="3nuBFxr9cyL0pnOWT99N-2" value="S3 Bucket" style="shape=mxgraph.aws4.s3;resIcon=mxgraph.aws4.s3;labelPosition=center;verticalLabelPosition=bottom;align=center;verticalAlign=top;strokeColor=#232F3E;fillColor=#F58534;fontColor=#ffffff;fontSize=12;" parent="3nuBFxr9cyL0pnOWT99N-1" vertex="1">
          <mxGeometry x="40" y="80" width="60" height="78" as="geometry" />
        </mxCell>
        <mxCell id="3nuBFxr9cyL0pnOWT99N-3" value="DynamoDB Table" style="shape=mxgraph.aws4.dynamodb;resIcon=mxgraph.aws4.dynamodb;labelPosition=center;verticalLabelPosition=bottom;align=center;verticalAlign=top;strokeColor=#232F3E;fillColor=#D86613;fontColor=#ffffff;fontSize=12;" parent="3nuBFxr9cyL0pnOWT99N-1" vertex="1">
          <mxGeometry x="200" y="80" width="60" height="64" as="geometry" />
        </mxCell>
        <mxCell id="3nuBFxr9cyL0pnOWT99N-4" value="IAM Role (Replication)" style="shape=mxgraph.aws4.iam_role;resIcon=mxgraph.aws4.iam_role;labelPosition=center;verticalLabelPosition=bottom;align=center;verticalAlign=top;strokeColor=#232F3E;fillColor=#D86613;fontColor=#ffffff;fontSize=12;" parent="3nuBFxr9cyL0pnOWT99N-1" vertex="1">
          <mxGeometry x="420" y="80" width="60" height="70" as="geometry" />
        </mxCell>
        <mxCell id="3nuBFxr9cyL0pnOWT99N-5" value="Replica S3 Bucket (External)" style="shape=mxgraph.aws4.s3;resIcon=mxgraph.aws4.s3;labelPosition=center;verticalLabelPosition=bottom;align=center;verticalAlign=top;strokeColor=#232F3E;fillColor=#F58534;fontColor=#ffffff;fontSize=12;" parent="1" vertex="1">
          <mxGeometry x="760" y="240" width="60" height="78" as="geometry" />
        </mxCell>
        <mxCell id="3nuBFxr9cyL0pnOWT99N-6" value="" style="endArrow=classic;html=1;rounded=0;entryX=0;entryY=0.5;entryDx=0;entryDy=0;exitX=1;exitY=0.5;exitDx=0;exitDy=0;" parent="1" source="3nuBFxr9cyL0pnOWT99N-2" target="3nuBFxr9cyL0pnOWT99N-5" edge="1">
          <mxGeometry width="50" height="50" relative="1" as="geometry">
            <mxPoint x="180" y="230" as="sourcePoint" />
            <mxPoint x="230" y="180" as="targetPoint" />
          </mxGeometry>
        </mxCell>
        <mxCell id="3nuBFxr9cyL0pnOWT99N-7" value="Replication" style="edgeLabel;html=1;align=center;verticalAlign=middle;resizable=0;points=[];" parent="3nuBFxr9cyL0pnOWT99N-6" vertex="1" connectable="0">
          <mxGeometry x="-0.13" y="1" relative="1" as="geometry">
            <mxPoint as="offset" />
          </mxGeometry>
        </mxCell>
      </root>
    </mxGraphModel>
  </diagram>
</mxfile>