{
  "module": "cloudposse/tfstate-backend/aws",
  "description": "Terraform module to provision an S3 bucket to store `terraform.tfstate` file and a DynamoDB table to lock the state file to prevent concurrent modifications and state corruption.",
  "resources": {
    "aws_s3_bucket": {
      "name": "default",
      "properties": {
        "acl": "private",
        "force_destroy": false,
        "mfa_delete": false,
        "sse_encryption": "AES256",
        "versioning": {
          "enabled": true
        },
        "logging": [],
        "replication": {
          "enabled": false,
          "replica_bucket_arn": ""
        },
        "block_public_acls": true,
        "block_public_policy": true,
        "ignore_public_acls": true,
        "restrict_public_buckets": true,
        "prevent_unencrypted_uploads": true,
        "ownership_enforced_enabled": true
      }
    },
    "aws_dynamodb_table": {
      "name": "with_server_side_encryption",
      "properties": {
        "billing_mode": "PAY_PER_REQUEST",
        "deletion_protection_enabled": false,
        "enable_point_in_time_recovery": true,
        "read_capacity": 5,
        "write_capacity": 5
      }
    },
    "aws_iam_role": {
      "name": "replication",
      "properties": {
        "permissions_boundary": ""
      },
      "condition": "s3_replication_enabled"
    },
    "aws_iam_policy": {
      "name": "replication",
      "properties": {},
      "condition": "s3_replication_enabled"
    },
    "aws_iam_role_policy_attachment": {
      "name": "replication",
      "properties": {},
      "condition": "s3_replication_enabled"
    },
    "aws_s3_bucket_replication_configuration": {
      "name": "replication",
      "properties": {
        "s3_replica_bucket_arn": ""
      },
      "condition": "s3_replication_enabled"
    },
    "local_file": {
      "name": "terraform_backend_config",
      "properties": {
        "content": {
          "backend": "s3",
          "properties": {
            "region": "${data.aws_region.current.name}",
            "bucket": "${aws_s3_bucket.default.id}",
            "key": "terraform.tfstate",
            "dynamodb_table": "${aws_dynamodb_table.with_server_side_encryption.name}",
            "profile": "",
            "role_arn": "",
            "encrypt": true
          }
        },
        "filename": "backend.tf"
      }
    }
  },
  "variables": {
    "namespace": {
      "type": "string"
    },
    "stage": {
      "type": "string"
    },
    "name": {
      "type": "string",
      "default": "terraform"
    },
    "attributes": {
      "type": "list(string)",
      "default": ["state"]

    },
    "terraform_backend_config_file_path": {
      "type": "string",
      "default": "."

    },
    "terraform_backend_config_file_name": {
      "type": "string",
      "default": "backend.tf"
    },
    "force_destroy": {
      "type": "bool",
      "default": false
    },
    "s3_replication_enabled": {
      "type": "bool",
      "default": false
    },
    "s3_replica_bucket_arn": {
      "type": "string",
      "default": null
    }
  }
}