<?xml version="1.0" encoding="UTF-8"?>
<mxfile host="app.diagrams.net" modified="2023-11-22T18:22:28.629Z" agent="Mozilla/5.0 (Macintosh; Intel Mac OS X 10_15_7) AppleWebKit/537.36 (KHTML, like Gecko) Chrome/119.0.0.0 Safari/537.36" etag="p1lQz794-1Lh5ZqX0Y5Q" version="21.6.8" type="device">
  <diagram id="R7_nK1wM7rzdVq_3VU75" name="Page-1">
    <mxGraphModel dx="1426" dy="838" grid="1" gridSize="10" guides="1" tooltips="1" connect="1" arrows="1" fold="1" page="1" pageScale="1" pageWidth="827" pageHeight="1169" math="0" shadow="0">
      <root>
        <mxCell id="0" />
        <mxCell id="1" parent="0" />
        <mxCell id="C9bWq6mQY_8f_M_n5M8L-1" value="VPC" style="rounded=0;whiteSpace=wrap;html=1;fillColor=#E6F0FF;strokeColor=#1A76D2;verticalAlign=top;align=left;spacingLeft=5;fontSize=12;fontColor=#000000;dashed=1;" parent="1" vertex="1">
          <mxGeometry x="40" y="40" width="720" height="640" as="geometry" />
        </mxCell>
        <mxCell id="C9bWq6mQY_8f_M_n5M8L-2" value="Subnets" style="rounded=0;whiteSpace=wrap;html=1;fillColor=#F8CECC;strokeColor=#B85450;verticalAlign=top;align=left;spacingLeft=5;fontSize=12;fontColor=#000000;dashed=1;" parent="C9bWq6mQY_8f_M_n5M8L-1" vertex="1">
          <mxGeometry x="40" y="40" width="640" height="520" as="geometry" />
        </mxCell>
        <mxCell id="C9bWq6mQY_8f_M_n5M8L-3" value="DocumentDB Cluster" style="shape=mxgraph.aws4.documentdb_elastic_clusters;resIcon=mxgraph.aws4.documentdb;labelPosition=center;verticalLabelPosition=bottom;align=center;verticalAlign=top;html=1;fontSize=12;fontColor=#000000;strokeColor=#1A76D2;fillColor=#E6F0FF;" parent="C9bWq6mQY_8f_M_n5M8L-2" vertex="1">
          <mxGeometry x="240" y="160" width="160" height="120" as="geometry" />
        </mxCell>
        <mxCell id="C9bWq6mQY_8f_M_n5M8L-4" value="DocumentDB Instances" style="shape=mxgraph.aws4.documentdb_instances;resIcon=mxgraph.aws4.documentdb;labelPosition=center;verticalLabelPosition=bottom;align=center;verticalAlign=top;html=1;fontSize=12;fontColor=#000000;strokeColor=#1A76D2;fillColor=#E6F0FF;" parent="C9bWq6mQY_8f_M_n5M8L-2" vertex="1">
          <mxGeometry x="120" y="320" width="400" height="120" as="geometry" />
        </mxCell>
        <mxCell id="C9bWq6mQY_8f_M_n5M8L-5" value="Security Group" style="shape=mxgraph.aws4.security_group;resIcon=mxgraph.aws4.security_group;labelPosition=center;verticalLabelPosition=bottom;align=center;verticalAlign=top;html=1;fontSize=12;fontColor=#000000;strokeColor=#232F3E;fillColor=#F2F2F2;" parent="C9bWq6mQY_8f_M_n5M8L-1" vertex="1">
          <mxGeometry x="100" y="80" width="80" height="80" as="geometry" />
        </mxCell>
        <mxCell id="C9bWq6mQY_8f_M_n5M8L-6" value="Route53" style="shape=mxgraph.aws4.route_53;resIcon=mxgraph.aws4.route_53;labelPosition=center;verticalLabelPosition=bottom;align=center;verticalAlign=top;html=1;fontSize=12;fontColor=#000000;strokeColor=#D86E36;fillColor=#FFCC99;" parent="1" vertex="1">
          <mxGeometry x="580" y="40" width="80" height="80" as="geometry" />
        </mxCell>
        <mxCell id="C9bWq6mQY_8f_M_n5M8L-7" value="SSM Parameter Store" style="shape=mxgraph.aws4.systems_manager_parameter_store;resIcon=mxgraph.aws4.systems_manager;labelPosition=center;verticalLabelPosition=bottom;align=center;verticalAlign=top;html=1;fontSize=12;fontColor=#000000;strokeColor=#232F3E;fillColor=#F2F2F2;" parent="1" vertex="1">
          <mxGeometry x="100" y="580" width="80" height="80" as="geometry" />
        </mxCell>
        <mxCell id="C9bWq6mQY_8f_M_n5M8L-8" value="" style="endArrow=classic;html=1;rounded=0;exitX=0.5;exitY=0;exitDx=0;exitDy=0;entryX=0.5;entryY=1;entryDx=0;entryDy=0;" parent="1" source="C9bWq6mQY_8f_M_n5M8L-3" target="C9bWq6mQY_8f_M_n5M8L-5" edge="1">
          <mxGeometry width="50" height="50" relative="1" as="geometry">
            <mxPoint x="320" y="180" as="sourcePoint" />
            <mxPoint x="370" y="130" as="targetPoint" />
          </mxGeometry>
        </mxCell>
        <mxCell id="C9bWq6mQY_8f_M_n5M8L-9" value="" style="endArrow=classic;html=1;rounded=0;exitX=0.5;exitY=1;exitDx=0;exitDy=0;entryX=0.5;entryY=0;entryDx=0;entryDy=0;" parent="1" source="C9bWq6mQY_8f_M_n5M8L-3" target="C9bWq6mQY_8f_M_n5M8L-4" edge="1">
          <mxGeometry width="50" height="50" relative="1" as="geometry">
            <mxPoint x="319.99999999999994" y="280" as="sourcePoint" />
            <mxPoint x="319.99999999999994" y="320" as="targetPoint" />
          </mxGeometry>
        </mxCell>
        <mxCell id="C9bWq6mQY_8f_M_n5M8L-10" value="" style="endArrow=classic;html=1;rounded=0;exitX=1;exitY=0.5;exitDx=0;exitDy=0;entryX=0;entryY=0.5;entryDx=0;entryDy=0;" parent="1" source="C9bWq6mQY_8f_M_n5M8L-3" target="C9bWq6mQY_8f_M_n5M8L-6" edge="1">
          <mxGeometry width="50" height="50" relative="1" as="geometry">
            <mxPoint x="450" y="220" as="sourcePoint" />
            <mxPoint x="560" y="100" as="targetPoint" />
          </mxGeometry>
        </mxCell>
        <mxCell id="C9bWq6mQY_8f_M_n5M8L-11" value="" style="endArrow=classic;html=1;rounded=0;exitX=0.5;exitY=1;exitDx=0;exitDy=0;" parent="1" source="C9bWq6mQY_8f_M_n5M8L-3" target="C9bWq6mQY_8f_M_n5M8L-7" edge="1">
          <mxGeometry width="50" height="50" relative="1" as="geometry">
            <mxPoint x="320" y="300" as="sourcePoint" />
            <mxPoint x="140" y="580" as="targetPoint" />
          </mxGeometry>
        </mxCell>
      </root>
    </mxGraphModel>
  </diagram>
</mxfile>