{
  "module": "cloudposse/documentdb-cluster/aws",
  "resources": {
    "aws_docdb_cluster": {
      "default": {
        "namespace": "eg",
        "stage": "testing",
        "name": "docdb",
        "cluster_size": 3,
        "master_username": "admin1",
        "master_password": "Test123456789",
        "instance_class": "db.r4.large",
        "vpc_id": "vpc-xxxxxxxx",
        "subnet_ids": [
          "subnet-xxxxxxxx",
          "subnet-yyyyyyyy"
        ],
        "allowed_security_groups": [
          "sg-xxxxxxxx"
        ],
        "zone_id": "Zxxxxxxxx"
      }
    },
    "aws_docdb_cluster_instance": {
      "default": {}
    },
        "aws_docdb_cluster_parameter_group": {
      "default": {}
    },
    "aws_docdb_subnet_group": {
      "default": {}
    },
    "aws_security_group": {
      "default": {}
    },
    "aws_security_group_rule": {
      "allow_ingress_from_self": {},
      "egress": {},
      "ingress_cidr_blocks": {},
      "ingress_security_groups": {}
    },
    "random_password": {
      "password": {}
    },
        "route53_record": {
          "master": {},
          "replicas": {}

    },
    "aws_ssm_parameter": {}
  }
}