<?xml version="1.0" encoding="UTF-8"?>
<mxfile host="app.diagrams.net" modified="2023-11-22T02:15:55.514Z" agent="Mozilla/5.0 (Windows NT 10.0; Win64; x64) AppleWebKit/537.36 (KHTML, like Gecko) Chrome/119.0.0.0 Safari/537.36" etag="96n_G0G1q4t8p4YzT6sQ" version="22.1.0" type="device">
  <diagram id="R2lEEEUBdFMjLlhIrx00" name="Page-1">
    <mxGraphModel dx="1422" dy="794" grid="1" gridSize="10" guides="1" tooltips="1" connect="1" arrows="1" fold="1" page="1" pageScale="1" pageWidth="850" pageHeight="1100" math="0" shadow="0">
      <root>
        <mxCell id="0" />
        <mxCell id="1" parent="0" />
        <mxCell id="m1-hIZ9tN4XhIFGs6Uph-1" value="AWS CloudFront" style="shape=mxgraph.aws4.cloudfront;html=1;verticalLabelPosition=bottom;verticalAlign=top;resIcon=mxgraph.aws4.cloudfront;labelBackgroundColor=#ffffff;strokeColor=#D79B00;fillColor=#F5AA18;" vertex="1" parent="1">
          <mxGeometry x="320" y="160" width="78" height="78" as="geometry" />
        </mxCell>
        <mxCell id="m1-hIZ9tN4XhIFGs6Uph-2" value="S3 Bucket&lt;br&gt;(Origin)" style="shape=mxgraph.aws4.s3;html=1;verticalLabelPosition=bottom;verticalAlign=top;resIcon=mxgraph.aws4.s3;labelBackgroundColor=#ffffff;strokeColor=#231F20;fillColor=#231F20;" vertex="1" parent="1">
          <mxGeometry x="320" y="320" width="75" height="76" as="geometry" />
        </mxCell>
        <mxCell id="m1-hIZ9tN4XhIFGs6Uph-3" value="" style="endArrow=classic;html=1;rounded=0;entryX=0.5;entryY=0;entryDx=0;entryDy=0;exitX=0.5;exitY=1;exitDx=0;exitDy=0;" edge="1" parent="1" source="m1-hIZ9tN4XhIFGs6Uph-1" target="m1-hIZ9tN4XhIFGs6Uph-2">
          <mxGeometry width="50" height="50" relative="1" as="geometry">
            <mxPoint x="390" y="300" as="sourcePoint" />
            <mxPoint x="440" y="250" as="targetPoint" />
          </mxGeometry>
        </mxCell>
        <mxCell id="m1-hIZ9tN4XhIFGs6Uph-4" value="S3 Bucket&lt;br&gt;(Logs)" style="shape=mxgraph.aws4.s3;html=1;verticalLabelPosition=bottom;verticalAlign=top;resIcon=mxgraph.aws4.s3;labelBackgroundColor=#ffffff;strokeColor=#231F20;fillColor=#231F20;" vertex="1" parent="1">
          <mxGeometry x="500" y="320" width="75" height="76" as="geometry" />
        </mxCell>
        <mxCell id="m1-hIZ9tN4XhIFGs6Uph-5" value="" style="endArrow=classic;html=1;rounded=0;dashed=1;entryX=0.5;entryY=0;entryDx=0;entryDy=0;exitX=0;exitY=0.5;exitDx=0;exitDy=0;" edge="1" parent="1" source="m1-hIZ9tN4XhIFGs6Uph-1" target="m1-hIZ9tN4XhIFGs6Uph-4">
          <mxGeometry width="50" height="50" relative="1" as="geometry">
            <mxPoint x="399" y="238" as="sourcePoint" />
            <mxPoint x="460" y="330" as="targetPoint" />
            <Array as="points">
              <mxPoint x="359" y="199" />
              <mxPoint x="400" y="199" />
              <mxPoint x="400" y="358" />
            </Array>
          </mxGeometry>
        </mxCell>
        <mxCell id="m1-hIZ9tN4XhIFGs6Uph-7" value="Route53" style="shape=mxgraph.aws4.route_53;html=1;verticalLabelPosition=bottom;verticalAlign=top;resIcon=mxgraph.aws4.route_53;labelBackgroundColor=#ffffff;strokeColor=#759C3E;fillColor=#B5D781;" vertex="1" parent="1">
          <mxGeometry x="160" y="160" width="70" height="75" as="geometry" />
        </mxCell>
        <mxCell id="m1-hIZ9tN4XhIFGs6Uph-8" value="" style="endArrow=classic;html=1;rounded=0;entryX=0;entryY=0.5;entryDx=0;entryDy=0;exitX=1;exitY=0.5;exitDx=0;exitDy=0;" edge="1" parent="1" source="m1-hIZ9tN4XhIFGs6Uph-7" target="m1-hIZ9tN4XhIFGs6Uph-1">
          <mxGeometry width="50" height="50" relative="1" as="geometry">
            <mxPoint x="240" y="190" as="sourcePoint" />
            <mxPoint x="290" y="140" as="targetPoint" />
          </mxGeometry>
        </mxCell>
        <mxCell id="m1-hIZ9tN4XhIFGs6Uph-11" value="Lambda@Edge" style="shape=mxgraph.aws4.lambda;html=1;verticalLabelPosition=bottom;verticalAlign=top;resIcon=mxgraph.aws4.lambda;labelBackgroundColor=#ffffff;strokeColor=#D79B00;fillColor=#F5AA18;" vertex="1" parent="1">
          <mxGeometry x="325" y="50" width="70" height="75" as="geometry" />
        </mxCell>
        <mxCell id="m1-hIZ9tN4XhIFGs6Uph-12" value="" style="endArrow=classic;html=1;rounded=0;dashed=1;entryX=0.5;entryY=1;entryDx=0;entryDy=0;exitX=0.5;exitY=0;exitDx=0;exitDy=0;" edge="1" parent="1" source="m1-hIZ9tN4XhIFGs6Uph-1" target="m1-hIZ9tN4XhIFGs6Uph-11">
          <mxGeometry width="50" height="50" relative="1" as="geometry">
            <mxPoint x="390" y="140" as="sourcePoint" />
            <mxPoint x="440" y="90" as="targetPoint" />
          </mxGeometry>
        </mxCell>
      </root>
    </mxGraphModel>
  </diagram>
</mxfile>