{
  "module": "cloudposse/cloudfront-s3-cdn/aws",
  "resources": {
    "aws_s3_bucket": {
      "origin": {
        "create": true,
        "force_destroy": false,
        "versioning": {
          "enabled": false
        },
        "server_side_encryption_configuration": {
          "rule": {
            "apply_server_side_encryption_by_default": {
              "sse_algorithm": "AES256",
              "kms_master_key_id": null
            }
          }
        },
        "cors_configuration": {
          "cors_rule": {
            "allowed_headers": ["*"],
            "allowed_methods": ["GET"],
            "allowed_origins": [],
            "expose_headers": ["ETag"],
            "max_age_seconds": 3600
          }
        },
        "public_access_block": {
          "enabled": false,
        },
        "ownership_controls": {
          "rules": [{
            "object_ownership": "ObjectWriter"
           }]
        }
      },
      "cf_logs": {
        "create": false
      }

    },
    "aws_s3_bucket_acl": {
      "origin": {
        "acl": "private"
      }
    },
    "aws_cloudfront_distribution": {
      "default": {
        "aliases": [],
        "comment": "Managed by Terraform",
        "default_root_object": "index.html",
        "enabled": true,
        "http_version": "http2",
        "price_class": "PriceClass_100",
        "ipv6_enabled": true,
        "is_ipv6_enabled": true,
        "web_acl_id": null,
        "origin": [],
        "origin_group": [],
        "s3_origin": [],
        "default_cache_behavior": {
          "allowed_methods": ["DELETE", "GET", "HEAD", "OPTIONS", "PATCH", "POST", "PUT"],
          "cached_methods": ["GET", "HEAD"],
          "compress": true,
          "default_ttl": 60,
          "max_ttl": 31536000,
          "min_ttl": 0,
          "viewer_protocol_policy": "redirect-to-https",
          "forward_cookies": {
            "forward": "none",
          },
          "trusted_signers": [],
          "trusted_key_groups": [],
          "query_string_cache_keys": [],
          "forward_query_string": false,
          "forward_header_values": ["Access-Control-Request-Headers","Access-Control-Request-Method","Origin"],

        },
        "custom_error_response": [],
        "restrictions": {
          "geo_restriction": {
            "restriction_type": "none",
            "locations": []
          }
        },
        "logging_config": {
          "include_cookies": false,
        },
        "wait_for_deployment": true
      }
    },
    "aws_cloudfront_origin_access_control": {
      "default": {
        "signing_behavior": "always",
        "signing_protocol": "sigv4"
      }
    },
    "aws_cloudfront_origin_access_identity": {
      "default": {}
    },
    "aws_s3_bucket_policy": {
      "default": {}
    },
    "random_password": {
        "referer": {}
    },
    "time_sleep": {
        "wait_for_aws_s3_bucket_settings": {
            "depends_on": ["aws_s3_bucket.origin"]
        }
    },
    "aws_route53_record": {
      "dns_alias": {
        "create": false
      }
    }
  },

  "variables": {
    "namespace": null,
    "stage": null,
    "name": null,
    "aliases": [],
    "origin_bucket": null,
    "s3_origins": [],
    "custom_origins": [],
    "dns_alias_enabled": false,
    "parent_zone_name": "",
    "deployment_principal_arns": {},
    "website_enabled": false,
    "acm_certificate_arn": null,
    "lambda_function_association": [],
    "origin_groups": []
  }
}