<?xml version="1.0" encoding="UTF-8"?>
<mxfile host="app.diagrams.net" modified="2023-11-22T16:39:43.761Z" agent="Mozilla/5.0 (Windows NT 10.0; Win64; x64) AppleWebKit/537.36 (KHTML, like Gecko) Chrome/119.0.0.0 Safari/537.36" etag="gQ2Nq3495i7t56ZfYk6M" version="21.6.8" type="device">
  <diagram id="R2lEEEUBdFMjLlhIrx0f" name="Page-1">
    <mxGraphModel dx="1050" dy="577" grid="1" gridSize="10" guides="1" tooltips="1" connect="1" arrows="1" fold="1" page="1" pageScale="1" pageWidth="850" pageHeight="1100" math="0" shadow="0">
      <root>
        <mxCell id="0" />
        <mxCell id="1" parent="0" />
        <mxCell id="kRPEGGK1cQIaV-DsAIl_-1" value="Requestor VPC" style="rounded=0;whiteSpace=wrap;html=1;fillColor=#F58536;strokeColor=#E67E30;verticalAlign=top;" parent="1" vertex="1">
          <mxGeometry x="40" y="40" width="320" height="360" as="geometry" />
        </mxCell>
        <mxCell id="kRPEGGK1cQIaV-DsAIl_-2" value="Acceptor VPC" style="rounded=0;whiteSpace=wrap;html=1;fillColor=#F58536;strokeColor=#E67E30;verticalAlign=top;" parent="1" vertex="1">
          <mxGeometry x="440" y="40" width="320" height="360" as="geometry" />
        </mxCell>
        <mxCell id="kRPEGGK1cQIaV-DsAIl_-3" value="Public Subnets" style="rounded=0;whiteSpace=wrap;html=1;fillColor=#E8E9EA;strokeColor=#D0D2D4;verticalAlign=top;dashed=1;" parent="kRPEGGK1cQIaV-DsAIl_-1" vertex="1">
          <mxGeometry x="20" y="40" width="280" height="100" as="geometry" />
        </mxCell>
        <mxCell id="kRPEGGK1cQIaV-DsAIl_-4" value="Private Subnets" style="rounded=0;whiteSpace=wrap;html=1;fillColor=#E8E9EA;strokeColor=#D0D2D4;verticalAlign=top;dashed=1;" parent="kRPEGGK1cQIaV-DsAIl_-1" vertex="1">
          <mxGeometry x="20" y="160" width="280" height="100" as="geometry" />
        </mxCell>
        <mxCell id="kRPEGGK1cQIaV-DsAIl_-5" value="Additional Subnets" style="rounded=0;whiteSpace=wrap;html=1;fillColor=#E8E9EA;strokeColor=#D0D2D4;verticalAlign=top;dashed=1;" vertex="1" parent="kRPEGGK1cQIaV-DsAIl_-1">
          <mxGeometry x="20" y="280" width="280" height="60" as="geometry" />
        </mxCell>
        <mxCell id="kRPEGGK1cQIaV-DsAIl_-6" value="Public Subnets" style="rounded=0;whiteSpace=wrap;html=1;fillColor=#E8E9EA;strokeColor=#D0D2D4;verticalAlign=top;dashed=1;" parent="kRPEGGK1cQIaV-DsAIl_-2" vertex="1">
          <mxGeometry x="20" y="40" width="280" height="100" as="geometry" />
        </mxCell>
        <mxCell id="kRPEGGK1cQIaV-DsAIl_-7" value="Private Subnets" style="rounded=0;whiteSpace=wrap;html=1;fillColor=#E8E9EA;strokeColor=#D0D2D4;verticalAlign=top;dashed=1;" parent="kRPEGGK1cQIaV-DsAIl_-2" vertex="1">
          <mxGeometry x="20" y="160" width="280" height="180" as="geometry" />
        </mxCell>
        <mxCell id="kRPEGGK1cQIaV-DsAIl_-8" value="" style="endArrow=classic;html=1;rounded=0;entryX=0;entryY=0.5;entryDx=0;entryDy=0;exitX=1;exitY=0.5;exitDx=0;exitDy=0;" parent="1" source="kRPEGGK1cQIaV-DsAIl_-1" target="kRPEGGK1cQIaV-DsAIl_-2" edge="1">
          <mxGeometry width="50" height="50" relative="1" as="geometry">
            <mxPoint x="380" y="240" as="sourcePoint" />
            <mxPoint x="430" y="190" as="targetPoint" />
          </mxGeometry>
        </mxCell>
        <mxCell id="kRPEGGK1cQIaV-DsAIl_-9" value="VPC Peering Connection" style="text;html=1;strokeColor=none;fillColor=none;align=center;verticalAlign=middle;whiteSpace=wrap;rounded=0;" parent="1" vertex="1">
          <mxGeometry x="360" y="190" width="80" height="30" as="geometry" />
        </mxCell>
      </root>
    </mxGraphModel>
  </diagram>
</mxfile>