{
  "module": "cloudposse/vpc-peering/aws",
  "resources": {
    "aws_vpc_peering_connection": {
      "requestor": {
        "vpc_id": {},
        "route_table_tags": {},
        "allow_remote_vpc_dns_resolution": {},
        "ignore_cidrs": []
      },
      "acceptor": {
        "vpc_id": {},
        "route_table_tags": {},
        "allow_remote_vpc_dns_resolution": {},
        "ignore_cidrs": []
      },
      "auto_accept": {},
       "create_timeout": "3m",
        "delete_timeout": "5m",
        "update_timeout": "3m"

    },
    "aws_route": {
      "requestor": {
        "route_table_id": {},
        "destination_cidr_block": {},
        "vpc_peering_connection_id": {}
      },
      "acceptor": {
        "route_table_id": {},
        "destination_cidr_block": {},
        "vpc_peering_connection_id": {}
      }
    }
  },
  "data": {
    "aws_vpc": {
      "requestor": {
        "tags": {}
      },
      "acceptor": {
        "tags": {}
      }
    },
    "aws_route_tables": {
      "requestor": {
        "tags": {},
        "vpc_id": {}
      },
      "acceptor": {
        "tags": {},
        "vpc_id": {}
      }
    }
  },
  "variables": {
    "namespace": {},
    "stage": {},
    "name": {},
    "requestor_vpc_id": {},
    "acceptor_vpc_id": {},
    "requestor_vpc_tags": {},
    "acceptor_vpc_tags": {},
    "requestor_route_table_tags": {},
    "acceptor_route_table_tags": {},
    "requestor_allow_remote_vpc_dns_resolution": true,
    "acceptor_allow_remote_vpc_dns_resolution": true,
    "requestor_ignore_cidrs": [],
    "acceptor_ignore_cidrs": [],
    "auto_accept": true,
    "create_timeout": "3m",
    "delete_timeout": "5m",
    "update_timeout": "3m",

    "attributes": [],
    "context": {},
    "delimiter": null,
    "descriptor_formats": {},
    "enabled": null,
    "environment": null,
    "id_length_limit": null,
    "label_key_case": null,
    "label_order": null,
    "label_value_case": null,
    "labels_as_tags": ["default"],
    "regex_replace_chars": null,
    "tags": {},
    "tenant": null,
    "additional_tag_map": {}

  }
}