<?xml version="1.0" encoding="UTF-8"?>
<mxfile host="app.diagrams.net" modified="2023-11-22T14:56:32.787Z" agent="Mozilla/5.0 (Windows NT 10.0; Win64; x64) AppleWebKit/537.36 (KHTML, like Gecko) Chrome/119.0.0.0 Safari/537.36" etag="Q-d3x64u6x1B35_N5l-" version="21.6.8" type="device">
  <diagram id="R2lEEEUBdFMjLlhO2_G_" name="Page-1">
    <mxGraphModel dx="1038" dy="578" grid="1" gridSize="10" guides="1" tooltips="1" connect="1" arrows="1" fold="1" page="1" pageScale="1" pageWidth="850" pageHeight="1100" math="0" shadow="0">
      <root>
        <mxCell id="0" />
        <mxCell id="1" parent="0" />
        <mxCell id="xCKkP597P5W7NqXrx40S-1" value="VPC" style="shape=mxgraph.aws4.group_vpc;labelPosition=center;verticalLabelPosition=middle;align=center;verticalAlign=top;strokeColor=#232F3E;fillColor=none;dashed=1;spacingTop=30;fontColor=#232F3E;fontSize=12;fontStyle=1;shadow=0;" parent="1" vertex="1">
          <mxGeometry x="40" y="40" width="740" height="550" as="geometry" />
        </mxCell>
        <mxCell id="xCKkP597P5W7NqXrx40S-2" value="Public Subnet 1" style="shape=mxgraph.aws4.group_subnet;labelPosition=center;verticalLabelPosition=bottom;align=center;verticalAlign=top;strokeColor=#232F3E;fillColor=none;dashed=1;fontColor=#232F3E;fontSize=12;shadow=0;verticalAlign=middle;" parent="xCKkP597P5W7NqXrx40S-1" vertex="1">
          <mxGeometry x="40" y="60" width="320" height="200" as="geometry" />
        </mxCell>
        <mxCell id="xCKkP597P5W7NqXrx40S-3" value="Public Subnet 2" style="shape=mxgraph.aws4.group_subnet;labelPosition=center;verticalLabelPosition=bottom;align=center;verticalAlign=top;strokeColor=#232F3E;fillColor=none;dashed=1;fontColor=#232F3E;fontSize=12;shadow=0;verticalAlign=middle;" parent="xCKkP597P5W7NqXrx40S-1" vertex="1">
          <mxGeometry x="400" y="60" width="300" height="200" as="geometry" />
        </mxCell>
        <mxCell id="xCKkP597P5W7NqXrx40S-4" value="Application Load Balancer" style="shape=mxgraph.aws4.application_load_balancer;labelPosition=center;verticalLabelPosition=bottom;align=center;verticalAlign=top;html=1;shadow=0;resIcon=mxgraph.aws4.application_load_balancer;pointerEvents=1;fontSize=12;fontColor=#232F3E;" parent="xCKkP597P5W7NqXrx40S-1" vertex="1">
          <mxGeometry x="200" y="110" width="60" height="60" as="geometry" />
        </mxCell>
        <mxCell id="xCKkP597P5W7NqXrx40S-7" value="ECS Cluster" style="shape=mxgraph.aws4.elastic_container_service;labelPosition=center;verticalLabelPosition=bottom;align=center;verticalAlign=top;html=1;shadow=0;resIcon=mxgraph.aws4.elastic_container_service;pointerEvents=1;fontSize=12;fontColor=#232F3E;" parent="xCKkP597P5W7NqXrx40S-1" vertex="1">
          <mxGeometry x="100" y="340" width="60" height="55" as="geometry" />
        </mxCell>
        <mxCell id="xCKkP597P5W7NqXrx40S-9" value="ECS Service" style="shape=mxgraph.aws4.ecs_service;labelPosition=center;verticalLabelPosition=bottom;align=center;verticalAlign=top;html=1;shadow=0;resIcon=mxgraph.aws4.ecs_service;pointerEvents=1;fontSize=12;fontColor=#232F3E;" parent="xCKkP597P5W7NqXrx40S-1" vertex="1">
          <mxGeometry x="280" y="340" width="60" height="55" as="geometry" />
        </mxCell>
        <mxCell id="xCKkP597P5W7NqXrx40S-10" value="" style="endArrow=classic;html=1;rounded=0;entryX=0.5;entryY=0;entryDx=0;entryDy=0;exitX=0.5;exitY=1;exitDx=0;exitDy=0;" parent="xCKkP597P5W7NqXrx40S-1" source="xCKkP597P5W7NqXrx40S-4" target="xCKkP597P5W7NqXrx40S-9" edge="1">
          <mxGeometry width="50" height="50" relative="1" as="geometry">
            <mxPoint x="390" y="320" as="sourcePoint" />
            <mxPoint x="440" y="270" as="targetPoint" />
          </mxGeometry>
        </mxCell>
        <mxCell id="xCKkP597P5W7NqXrx40S-11" value="Task Definition" style="shape=mxgraph.aws4.ecs_task_definition;labelPosition=center;verticalLabelPosition=bottom;align=center;verticalAlign=top;html=1;shadow=0;resIcon=mxgraph.aws4.ecs_task_definition;pointerEvents=1;fontSize=12;fontColor=#232F3E;" parent="xCKkP597P5W7NqXrx40S-1" vertex="1">
          <mxGeometry x="460" y="340" width="56" height="55" as="geometry" />
        </mxCell>
        <mxCell id="xCKkP597P5W7NqXrx40S-12" value="" style="endArrow=classic;html=1;rounded=0;exitX=1;exitY=0.5;exitDx=0;exitDy=0;entryX=0;entryY=0.5;entryDx=0;entryDy=0;" parent="xCKkP597P5W7NqXrx40S-1" source="xCKkP597P5W7NqXrx40S-9" target="xCKkP597P5W7NqXrx40S-11" edge="1">
          <mxGeometry width="50" height="50" relative="1" as="geometry">
            <mxPoint x="380" y="340" as="sourcePoint" />
            <mxPoint x="430" y="290" as="targetPoint" />
          </mxGeometry>
        </mxCell>
        <mxCell id="xCKkP597P5W7NqXrx40S-13" value="Private Subnet 1" style="shape=mxgraph.aws4.group_subnet;labelPosition=center;verticalLabelPosition=bottom;align=center;verticalAlign=top;strokeColor=#232F3E;fillColor=none;dashed=1;fontColor=#232F3E;fontSize=12;shadow=0;verticalAlign=middle;" parent="xCKkP597P5W7NqXrx40S-1" vertex="1">
          <mxGeometry x="50" y="300" width="300" height="180" as="geometry" />
        </mxCell>
        <mxCell id="xCKkP597P5W7NqXrx40S-14" value="Private Subnet 2" style="shape=mxgraph.aws4.group_subnet;labelPosition=center;verticalLabelPosition=bottom;align=center;verticalAlign=top;strokeColor=#232F3E;fillColor=none;dashed=1;fontColor=#232F3E;fontSize=12;shadow=0;verticalAlign=middle;" parent="xCKkP597P5W7NqXrx40S-1" vertex="1">
          <mxGeometry x="400" y="300" width="300" height="180" as="geometry" />
        </mxCell>
      </root>
    </mxGraphModel>
  </diagram>
</mxfile>