{
  "resource_type": "aws_ecs_fargate_service",
  "name": "ecs_fargate_service",
  "module_source": "cn-terraform/ecs-fargate/aws",
  "parameters": {
    "name_prefix": {
      "type": "string",
      "required": true
    },
    "vpc_id": {
      "type": "string",
      "required": true
    },
    "private_subnets_ids": {
      "type": "list(string)",
      "required": true
    },
    "public_subnets_ids": {
      "type": "list(string)",
      "required": true
    },
    "container_name": {
      "type": "string",
      "required": true
    },
    "container_image": {
      "type": "string",
      "required": true
    },
    "desired_count": {
      "type": "number",
      "default": 1
    },
    "assign_public_ip": {
      "type": "bool",
      "default": false
    },
    "lb_http_ports": {
      "type": "map(object({listener_port: number, target_group_port: number}))",
      "default": {
        "default_http": {
          "listener_port": 80,
          "target_group_port": 80
        }
      }
    },
    "lb_https_ports": {
      "type": "map(object({listener_port: number, target_group_port: number}))",
      "default": {
        "default_http": {
          "listener_port": 443,
          "target_group_port": 443
        }
      }

    },
    "port_mappings": {
      "type": "list(object({containerPort: number, hostPort: number, protocol: string}))",
      "default": [
        {
          "containerPort": 80,
          "hostPort": 80,
          "protocol": "tcp"
        }
      ]
    },
      "environment": {
          "type": "list(object({name: string, value: string}))",
          "default": []
      },
    "tags": {
      "type": "map(string)",
      "default": {}
    },
      "enable_autoscaling": {
          "type": "bool",
          "default": true
      },
      "enable_s3_logs": {
          "type": "bool",
          "default": true
      }

  },

    "modules": [
        {
            "name": "ecs_cluster",
            "source": "cn-terraform/ecs-cluster/aws",
            "version": "1.0.10"
        },
        {
            "name": "ecs_fargate_service",
            "source": "cn-terraform/ecs-fargate-service/aws",
            "version": "2.0.35"
        },
        {
            "name": "td",
            "source": "cn-terraform/ecs-fargate-task-definition/aws",
            "version": "1.0.30"
        }
    ]
}