<?xml version="1.0" encoding="UTF-8"?>
<mxfile host="app.diagrams.net" modified="2023-11-22T12:44:50.620Z" agent="Mozilla/5.0 (Macintosh; Intel Mac OS X 10_15_7) AppleWebKit/537.36 (KHTML, like Gecko) Chrome/119.0.0.0 Safari/537.36" etag="h-sK8Kz-M9eJ7W-m-qZ8" version="21.6.8" type="device">
  <diagram id="R2l4Te2-hWz47Q6jL8y3" name="Page-1">
    <mxGraphModel dx="1102" dy="750" grid="1" gridSize="10" guides="1" tooltips="1" connect="1" arrows="1" fold="1" page="1" pageScale="1" pageWidth="850" pageHeight="1100" math="0" shadow="0">
      <root>
        <mxCell id="0" />
        <mxCell id="1" parent="0" />
        <mxCell id="k-o_I3nH7O-B3tP4zciR-1" value="VPC" style="shape=mxgraph.aws4.group_vpc;verticalAlign=top;align=left;spacingLeft=20;dashed=0;strokeColor=#248814;fillColor=#FFFFFF;verticalLabelPosition=bottom;labelPosition=right;html=1;" vertex="1" parent="1">
          <mxGeometry x="40" y="40" width="760" height="620" as="geometry" />
        </mxCell>
        <mxCell id="k-o_I3nH7O-B3tP4zciR-2" value="Private Subnets" style="shape=mxgraph.aws4.group_security_group;verticalAlign=top;align=left;spacingLeft=20;dashed=1;strokeColor=#147EBA;fillColor=none;verticalLabelPosition=bottom;labelPosition=right;html=1;" vertex="1" parent="k-o_I3nH7O-B3tP4zciR-1">
          <mxGeometry x="40" y="60" width="700" height="520" as="geometry" />
        </mxCell>
        <mxCell id="k-o_I3nH7O-B3tP4zciR-3" value="ECS Cluster" style="shape=mxgraph.aws4.ecs;resIcon=mxgraph.aws4.ecs;labelPosition=center;verticalLabelPosition=bottom;align=center;verticalAlign=top;strokeColor=#D86613;fillColor=#F58536;html=1;" vertex="1" parent="k-o_I3nH7O-B3tP4zciR-2">
          <mxGeometry x="40" y="80" width="60" height="60" as="geometry" />
        </mxCell>
        <mxCell id="k-o_I3nH7O-B3tP4zciR-4" value="ECS Service" style="shape=mxgraph.aws4.ecs_service;resIcon=mxgraph.aws4.ecs_service;labelPosition=center;verticalLabelPosition=bottom;align=center;verticalAlign=top;strokeColor=#D86613;fillColor=#F58536;html=1;" vertex="1" parent="k-o_I3nH7O-B3tP4zciR-2">
          <mxGeometry x="140" y="80" width="60" height="60" as="geometry" />
        </mxCell>
        <mxCell id="k-o_I3nH7O-B3tP4zciR-6" value="Security Group" style="shape=mxgraph.aws4.security_group;resIcon=mxgraph.aws4.security_group;labelPosition=center;verticalLabelPosition=bottom;align=center;verticalAlign=top;strokeColor=#147EBA;fillColor=#E6FFEB;html=1;" vertex="1" parent="k-o_I3nH7O-B3tP4zciR-2">
          <mxGeometry x="250" y="80" width="60" height="60" as="geometry" />
        </mxCell>
        <mxCell id="k-o_I3nH7O-B3tP4zciR-7" value="CloudWatch Log Group" style="shape=mxgraph.aws4.cloudwatch;resIcon=mxgraph.aws4.cloudwatch;labelPosition=center;verticalLabelPosition=bottom;align=center;verticalAlign=top;strokeColor=#D86613;fillColor=#F58536;html=1;" vertex="1" parent="k-o_I3nH7O-B3tP4zciR-2">
          <mxGeometry x="360" y="80" width="60" height="60" as="geometry" />
        </mxCell>
        <mxCell id="k-o_I3nH7O-B3tP4zciR-8" value="IAM Task Role" style="shape=mxgraph.aws4.iam_role;resIcon=mxgraph.aws4.iam_role;labelPosition=center;verticalLabelPosition=bottom;align=center;verticalAlign=top;strokeColor=#D86613;fillColor=#F58536;html=1;" vertex="1" parent="k-o_I3nH7O-B3tP4zciR-2">
          <mxGeometry x="470" y="80" width="60" height="65" as="geometry" />
        </mxCell>
        <mxCell id="k-o_I3nH7O-B3tP4zciR-9" value="IAM Execution Role" style="shape=mxgraph.aws4.iam_role;resIcon=mxgraph.aws4.iam_role;labelPosition=center;verticalLabelPosition=bottom;align=center;verticalAlign=top;strokeColor=#D86613;fillColor=#F58536;html=1;" vertex="1" parent="k-o_I3nH7O-B3tP4zciR-2">
          <mxGeometry x="580" y="80" width="60" height="65" as="geometry" />
        </mxCell>
        <mxCell id="k-o_I3nH7O-B3tP4zciR-12" value="Application Load Balancer" style="shape=mxgraph.aws4.elastic_load_balancing;resIcon=mxgraph.aws4.elastic_load_balancing;labelPosition=center;verticalLabelPosition=bottom;align=center;verticalAlign=top;strokeColor=none;fillColor=#F58536;html=1;" vertex="1" parent="k-o_I3nH7O-B3tP4zciR-1">
          <mxGeometry x="240" y="410" width="60" height="60" as="geometry" />
        </mxCell>
        <mxCell id="k-o_I3nH7O-B3tP4zciR-13" value="Target Group" style="rounded=1;whiteSpace=wrap;html=1;arcSize=50;fillColor=#f8cecc;strokeColor=#b85450;" vertex="1" parent="k-o_I3nH7O-B3tP4zciR-1">
          <mxGeometry x="400" y="420" width="80" height="40" as="geometry" />
        </mxCell>
        <mxCell id="k-o_I3nH7O-B3tP4zciR-15" style="edgeStyle=orthogonalEdgeStyle;rounded=0;orthogonalLoop=1;jettySize=auto;html=1;exitX=0.5;exitY=1;exitDx=0;exitDy=0;entryX=0.5;entryY=0;entryDx=0;entryDy=0;" edge="1" parent="k-o_I3nH7O-B3tP4zciR-1" source="k-o_I3nH7O-B3tP4zciR-4" target="k-o_I3nH7O-B3tP4zciR-13">
          <mxGeometry relative="1" as="geometry" />
        </mxCell>
        <mxCell id="k-o_I3nH7O-B3tP4zciR-16" style="edgeStyle=orthogonalEdgeStyle;rounded=0;orthogonalLoop=1;jettySize=auto;html=1;exitX=0.5;exitY=1;exitDx=0;exitDy=0;entryX=0.5;entryY=0;entryDx=0;entryDy=0;" edge="1" parent="k-o_I3nH7O-B3tP4zciR-1" source="k-o_I3nH7O-B3tP4zciR-13" target="k-o_I3nH7O-B3tP4zciR-12">
          <mxGeometry relative="1" as="geometry" />
        </mxCell>
      </root>
    </mxGraphModel>
  </diagram>
</mxfile>