<?xml version="1.0" encoding="UTF-8"?>
<mxfile host="app.diagrams.net" modified="2023-11-21T14:20:29.433Z" agent="Mozilla/5.0 (Macintosh; Intel Mac OS X 10_15_7) AppleWebKit/537.36 (KHTML, like Gecko) Chrome/119.0.0.0 Safari/537.36" etag="X81t0h-54s-oZqVq44bK" version="21.6.8" type="device">
  <diagram id="R2lEEo2A-y2K3F6L52pK" name="Page-1">
    <mxGraphModel dx="1134" dy="700" grid="1" gridSize="10" guides="1" tooltips="1" connect="1" arrows="1" fold="1" page="1" pageScale="1" pageWidth="850" pageHeight="1100" math="0" shadow="0">
      <root>
        <mxCell id="0"/>
        <mxCell id="1" parent="0"/>
        <mxCell id="c_i681m-E6c-hB-vXj5y" value="ECS Task Definition" style="shape=mxgraph.aws4.ecs_task_definition;resIcon=mxgraph.aws4.ecs_task_definition;labelPosition=center;verticalLabelPosition=bottom;align=center;verticalAlign=top;" vertex="1" parent="1">
          <mxGeometry x="160" y="170" width="60" height="60" as="geometry"/>
        </mxCell>
        <mxCell id="c_i681m-E6c-hB-vXj_N" value="Container" style="rounded=1;whiteSpace=wrap;html=1;arcSize=5;resIcon=mxgraph.aws4.ecs_container;labelPosition=center;verticalLabelPosition=bottom;align=center;verticalAlign=top;" vertex="1" parent="1">
          <mxGeometry x="300" y="160" width="120" height="80" as="geometry"/>
        </mxCell>
        <mxCell id="c_i681m-E6c-hB-vXkDq" value="" style="endArrow=classic;html=1;rounded=0;entryX=0;entryY=0.5;entryDx=0;entryDy=0;exitX=1;exitY=0.5;exitDx=0;exitDy=0;" edge="1" parent="1" source="c_i681m-E6c-hB-vXj5y" target="c_i681m-E6c-hB-vXj_N">
          <mxGeometry width="50" height="50" relative="1" as="geometry">
            <mxPoint x="250" y="260" as="sourcePoint"/>
            <mxPoint x="300" y="210" as="targetPoint"/>
          </mxGeometry>
        </mxCell>
      </root>
    </mxGraphModel>
  </diagram>
</mxfile>