{
  "module": "ecs_container_definition",
  "source": "cloudposse/ecs-container-definition/aws",
  "version": "x.x.x",  
  "variables": {
    "container_name": {
      "type": "string",
      "description": "The name of the container. Up to 255 characters ([a-z], [A-Z], [0-9], -, _ allowed)",
      "required": true
    },
    "container_image": {
      "type": "string",
      "description": "The image used to start the container. Images in the Docker Hub registry available by default",
      "required": true
    },
    "command": {
      "type": "list(string)",
      "description": "The command that is passed to the container",
      "required": false
    },
    "container_cpu": {
      "type": "number",
      "description": "The number of cpu units to reserve for the container. This is optional for tasks using Fargate launch type and the total amount of container_cpu of all containers in a task will need to be lower than the task-level cpu value",
      "default": 0,
      "required": false
    },
    "container_memory": {
      "type": "number",
      "description": "The amount of memory (in MiB) to allow the container to use. This is a hard limit, if the container attempts to exceed the container_memory, the container is killed. This field is optional for Fargate launch type and the total amount of container_memory of all containers in a task will need to be lower than the task memory value",
      "required": false
    },
    "container_memory_reservation": {
      "type": "number",
      "description": "The amount of memory (in MiB) to reserve for the container. If container needs to exceed this threshold, it can do so up to the set container_memory hard limit",
      "required": false
    },
        "container_definition":{
            "type": "map",
            "description": "Container definition overrides which allows for extra keys or overriding existing keys.",
            "required": false
        },
        "container_depends_on": {
          "type": "list(map)",
          "description": "The dependencies defined for container startup and shutdown.",
          "required": false
        },

        "disable_networking": {
          "type": "bool",
          "required": false
        },

        "dns_search_domains": {
            "type": "list",
            "required": false

        },
        "dns_servers": {
            "type": "list",
            "required": false

        },
        "docker_labels": {
          "type": "map",
          "required": false
        },
        "docker_security_options": {
            "type": "list",
            "required": false

        },
        "entrypoint": {
            "type": "list",
            "required": false
        },
        "environment": {
          "type": "list(map)",
          "required": false
        },
        "essential": {
          "type": "bool",
          "default": true,
          "required": false
        },
        "extra_hosts": {
          "type": "list(map)",
          "required": false
        },
        "firelens_configuration": {
          "type": "map",
          "required": false
        },
        "healthcheck": {
          "type": "map",
          "required": false
        },
        "hostname": {
          "type": "string",
          "required": false
        },
        "interactive": {
            "type": "bool",
            "required": false
        },
        "links": {
          "type": "list",
          "required": false
        },
        "linux_parameters": {
          "type": "map",
          "required": false
        },
        "log_configuration": {
          "type": "map",
          "required": false
        },
        "map_environment": {
          "type": "map",
          "required": false
        },
        "map_secrets": {
          "type": "map",
          "required": false
        },
        "mount_points": {
          "type": "list(map)",
          "required": false
        },
        "port_mappings": {
          "type": "list(map)",
          "required": false
        },
        "privileged": {
          "type": "bool",
          "required": false
        },
        "pseudo_terminal": {
            "type": "bool",
            "required": false

        },
        "readonly_root_filesystem": {
            "type": "bool",
            "default": false,
            "required": false

        },
        "repository_credentials": {
          "type": "map",
          "required": false
        },
        "resource_requirements": {
          "type": "list(map)",
          "required": false
        },
        "restart_policy": {
          "type": "map",
          "required": false
        },
        "secrets": {
          "type": "list(map)",
          "required": false
        },
        "start_timeout": {
          "type": "number",
          "required": false
        },
        "stop_timeout": {
          "type": "number",
          "required": false
        },
        "system_controls": {
          "type": "list(map)",
          "required": false
        },
        "ulimits": {
          "type": "list(map)",
          "required": false
        },
        "user": {
            "type": "string",
            "required": false
        },
        "version_consistency":{
            "type": "string",
            "required": false
        },
        "volumes_from": {
          "type": "list(map)",
          "required": false
        },
        "working_directory": {
            "type": "string",
            "required": false
        }
  }
}