<?xml version="1.0" encoding="UTF-8"?>
<mxfile host="app.diagrams.net" modified="2023-11-22T17:31:31.107Z" agent="Mozilla/5.0 (Windows NT 10.0; Win64; x64) AppleWebKit/537.36 (KHTML, like Gecko) Chrome/119.0.0.0 Safari/537.36" etag="w74L0o2nR1N7c9n2-D1z" version="21.6.8" type="device">
  <diagram id="R2lEEEUBdFMjLlh3-4qs" name="Page-1">
    <mxGraphModel dx="1050" dy="577" grid="1" gridSize="10" guides="1" tooltips="1" connect="1" arrows="1" fold="1" page="1" pageScale="1" pageWidth="850" pageHeight="1100" math="0" shadow="0">
      <root>
        <mxCell id="0" />
        <mxCell id="1" parent="0" />
        <mxCell id="eEpjlia76uCkR35s1p2K-1" value="VPC" style="shape=mxgraph.aws4.group_vpc;verticalAlign=top;align=left;spacingTop=30;dashed=0;verticalLabelPosition=bottom;labelBackgroundColor=#ffffff;fontFamily=Helvetica;fontSize=12;fillColor=#F58536;strokeColor=none;fontColor=#ffffff;" parent="1" vertex="1">
          <mxGeometry x="80" y="80" width="680" height="480" as="geometry" />
        </mxCell>
        <mxCell id="eEpjlia76uCkR35s1p2K-2" value="Subnets" style="shape=mxgraph.aws4.group_subnet;verticalAlign=top;align=left;spacingTop=10;dashed=0;verticalLabelPosition=bottom;labelBackgroundColor=#ffffff;fontFamily=Helvetica;fontSize=12;fillColor=#D9A300;strokeColor=none;fontColor=#ffffff;" parent="eEpjlia76uCkR35s1p2K-1" vertex="1">
          <mxGeometry x="40" y="80" width="600" height="360" as="geometry" />
        </mxCell>
        <mxCell id="eEpjlia76uCkR35s1p2K-3" value="Autoscaling Group" style="shape=mxgraph.aws4.autoscaling;resIcon=mxgraph.aws4.autoscaling;labelPosition=center;verticalLabelPosition=bottom;align=center;verticalAlign=top;spacingTop=-5;fontColor=#5A6C86;strokeColor=#5A6C86;fillColor=#ffffff;dashed=1;shadow=0;" parent="eEpjlia76uCkR35s1p2K-2" vertex="1">
          <mxGeometry x="220" y="120" width="160" height="120" as="geometry" />
        </mxCell>
        <mxCell id="eEpjlia76uCkR35s1p2K-4" value="Launch Template" style="shape=mxgraph.aws4.launch_template;resIcon=mxgraph.aws4.launch_template;labelPosition=center;verticalLabelPosition=bottom;align=center;verticalAlign=top;spacingTop=-5;fontColor=#5A6C86;strokeColor=#5A6C86;fillColor=#ffffff;dashed=0;shadow=0;" parent="eEpjlia76uCkR35s1p2K-2" vertex="1">
          <mxGeometry x="40" y="120" width="160" height="120" as="geometry" />
        </mxCell>
        <mxCell id="eEpjlia76uCkR35s1p2K-5" value="" style="endArrow=classic;html=1;rounded=0;exitX=1;exitY=0.5;entryX=0;entryY=0.5;dashed=1;" parent="eEpjlia76uCkR35s1p2K-2" source="eEpjlia76uCkR35s1p2K-4" target="eEpjlia76uCkR35s1p2K-3" edge="1">
          <mxGeometry width="50" height="50" relative="1" as="geometry">
            <mxPoint x="390" y="370" as="sourcePoint" />
            <mxPoint x="440" y="320" as="targetPoint" />
          </mxGeometry>
        </mxCell>
        <mxCell id="eEpjlia76uCkR35s1p2K-6" value="CloudWatch\nMetric Alarms" style="shape=mxgraph.aws4.cloudwatch;resIcon=mxgraph.aws4.cloudwatch;labelPosition=center;verticalLabelPosition=bottom;align=center;verticalAlign=top;spacingTop=-5;fontColor=#5A6C86;strokeColor=#5A6C86;fillColor=#ffffff;dashed=0;shadow=0;" parent="1" vertex="1">
          <mxGeometry x="470" y="200" width="120" height="120" as="geometry" />
        </mxCell>
        <mxCell id="eEpjlia76uCkR35s1p2K-7" value="" style="endArrow=classic;html=1;rounded=0;entryX=0;entryY=0.5;dashed=1;" parent="1" source="eEpjlia76uCkR35s1p2K-3" target="eEpjlia76uCkR35s1p2K-6" edge="1">
          <mxGeometry width="50" height="50" relative="1" as="geometry">
            <mxPoint x="390" y="370" as="sourcePoint" />
            <mxPoint x="440" y="320" as="targetPoint" />
          </mxGeometry>
        </mxCell>
        <mxCell id="eEpjlia76uCkR35s1p2K-8" value="Auto Scaling Policies" style="rounded=1;whiteSpace=wrap;html=1;arcSize=50;fillColor=#dae8fc;strokeColor=#6c8ebf;" parent="1" vertex="1">
          <mxGeometry x="590" y="360" width="120" height="60" as="geometry" />
        </mxCell>
        <mxCell id="eEpjlia76uCkR35s1p2K-9" value="" style="endArrow=classic;html=1;rounded=0;entryX=0.5;entryY=0;dashed=1;" parent="1" source="eEpjlia76uCkR35s1p2K-6" target="eEpjlia76uCkR35s1p2K-8" edge="1">
          <mxGeometry width="50" height="50" relative="1" as="geometry">
            <mxPoint x="390" y="370" as="sourcePoint" />
            <mxPoint x="440" y="320" as="targetPoint" />
          </mxGeometry>
        </mxCell>
      </root>
    </mxGraphModel>
  </diagram>
</mxfile>