{
  "module": "cloudposse/ec2-autoscale-group/aws",
  "resources": {
    "aws_autoscaling_group": {
      "name": "default",
      "properties": {
        "name": {
          "references": [
            "var.namespace",
            "var.stage",
            "var.name",
            "var.environment"
          ]
        },
        "image_id": "ami-08cab282f9979fc7a",
        "instance_type": "t2.small",
        "security_group_ids": [
          "sg-xxxxxxxx"
        ],
        "subnet_ids": [
          "subnet-xxxxxxxx",
          "subnet-yyyyyyyy",
          "subnet-zzzzzzzz"
        ],
        "health_check_type": "EC2",
        "min_size": 2,
        "max_size": 3,
        "wait_for_capacity_timeout": "5m",
        "associate_public_ip_address": true,
        "user_data_base64": {
          "references": [
            "local.userdata"
          ]
        },
        "block_device_mappings": [
          {
            "device_name": "/dev/sda1",
            "no_device": "false",
            "virtual_name": "root",
            "ebs": {
              "encrypted": true,
              "volume_size": 200,
              "delete_on_termination": true,
              "iops": null,
              "kms_key_id": null,
              "snapshot_id": null,
              "volume_type": "standard"
            }
          }
        ],
        "tags": {
          "Tier": "1",
          "KubernetesCluster": "us-west-2.testing.cloudposse.co"
        },
        "autoscaling_policies_enabled": true,
        "cpu_utilization_high_threshold_percent": "70",
        "cpu_utilization_low_threshold_percent": "20"
      }
    },
    "aws_launch_template": {
      "name": "default",
      "properties": {}
    },
    "aws_autoscaling_policy": {
      "scale_up": {
        "properties": {
          "adjustment_type": {
            "references": [
              "var.scale_up_adjustment_type"
            ]
          },
          "scaling_adjustment": {
            "references": [
              "var.scale_up_scaling_adjustment"
            ]
          },
          "cooldown": {
            "references": [
              "var.scale_up_cooldown_seconds"
            ]
          },
          "policy_type": {
            "references": [
              "var.scale_up_policy_type"
            ]
          }
        }
      },
      "scale_down": {
        "properties": {
          "adjustment_type": {
            "references": [
              "var.scale_down_adjustment_type"
            ]
          },
          "scaling_adjustment": {
            "references": [
              "var.scale_down_scaling_adjustment"
            ]
          },
          "cooldown": {
            "references": [
              "var.scale_down_cooldown_seconds"
            ]
          },
          "policy_type": {
            "references": [
              "var.scale_down_policy_type"
            ]
          }
        }
      }
    },
    "aws_cloudwatch_metric_alarm": {
        "all_alarms": {
            "properties": {
                "alarm_actions": {
                    "references": [
                        "aws_autoscaling_policy.scale_up.arn",
                        "aws_autoscaling_policy.scale_down.arn"
                    ]
                }
            }
        }
    }
  }
}