<?xml version="1.0" encoding="UTF-8"?>
<mxfile host="app.diagrams.net" modified="2023-11-21T15:35:07.707Z" agent="Mozilla/5.0 (Windows NT 10.0; Win64; x64) AppleWebKit/537.36 (KHTML, like Gecko) Chrome/119.0.0.0 Safari/537.36" etag="uW44l8a643n4D2N2G-5Z" version="21.6.8" type="device">
  <diagram id="R2lJ_VZV2V4W9r_p3z0K" name="Page-1">
    <mxGraphModel dx="1050" dy="588" grid="1" gridSize="10" guides="1" tooltips="1" connect="1" arrows="1" fold="1" page="1" pageScale="1" pageWidth="850" pageHeight="1100" math="0" shadow="0">
      <root>
        <mxCell id="0" />
        <mxCell id="1" parent="0" />
        <mxCell id="nK6Y5c9d_hW89a974q-q" value="Customer Gateway" style="shape=mxgraph.aws4.customer_gateway;whiteSpace=wrap;html=1;align=center;" parent="1" vertex="1">
          <mxGeometry x="10" y="150" width="80" height="80" as="geometry" />
        </mxCell>
        <mxCell id="nK6Y5c9d_hW89a974q-r" value="VPN Gateway" style="shape=mxgraph.aws4.vpn_gateway;whiteSpace=wrap;html=1;align=center;" parent="1" vertex="1">
          <mxGeometry x="350" y="150" width="80" height="80" as="geometry" />
        </mxCell>
        <mxCell id="nK6Y5c9d_hW89a974q-s" value="VPC" style="shape=mxgraph.aws4.group_vpc;whiteSpace=wrap;html=1;align=center;verticalAlign=middle;" parent="1" vertex="1">
          <mxGeometry x="500" y="40" width="300" height="300" as="geometry" />
        </mxCell>
        <mxCell id="nK6Y5c9d_hW89a974q-t" value="VPN Connection" style="shape=mxgraph.aws4.vpn_connection;whiteSpace=wrap;html=1;align=center;" parent="1" vertex="1">
          <mxGeometry x="190" y="170" width="160" height="40" as="geometry" />
        </mxCell>
        <mxCell id="nK6Y5c9d_hW89a974q-v" value="" style="endArrow=none;html=1;rounded=0;entryX=0;entryY=0.5;entryDx=0;entryDy=0;exitX=1;exitY=0.5;exitDx=0;exitDy=0;" parent="1" source="nK6Y5c9d_hW89a974q-q" target="nK6Y5c9d_hW89a974q-t" edge="1">
          <mxGeometry width="50" height="50" relative="1" as="geometry">
            <mxPoint x="39" y="360" as="sourcePoint" />
            <mxPoint x="89" y="310" as="targetPoint" />
          </mxGeometry>
        </mxCell>
        <mxCell id="nK6Y5c9d_hW89a974q-w" value="" style="endArrow=none;html=1;rounded=0;entryX=0;entryY=0.5;entryDx=0;entryDy=0;exitX=1;exitY=0.5;exitDx=0;exitDy=0;" parent="1" source="nK6Y5c9d_hW89a974q-t" target="nK6Y5c9d_hW89a974q-r" edge="1">
          <mxGeometry width="50" height="50" relative="1" as="geometry">
            <mxPoint x="370" y="190" as="sourcePoint" />
            <mxPoint x="420" y="140" as="targetPoint" />
          </mxGeometry>
        </mxCell>
        <mxCell id="nK6Y5c9d_hW89a974q-x" value="" style="endArrow=none;html=1;rounded=0;entryX=0;entryY=0.5;entryDx=0;entryDy=0;exitX=1;exitY=0.5;exitDx=0;exitDy=0;" parent="1" source="nK6Y5c9d_hW89a974q-r" target="nK6Y5c9d_hW89a974q-s" edge="1">
          <mxGeometry width="50" height="50" relative="1" as="geometry">
            <mxPoint x="430" y="190" as="sourcePoint" />
            <mxPoint x="520" y="190" as="targetPoint" />
          </mxGeometry>
        </mxCell>
      </root>
    </mxGraphModel>
  </diagram>
</mxfile>