{
  "module": "vpn_gateway",
  "source": "terraform-aws-modules/vpn-gateway/aws",
  "version": "~> 3.0",
  "resources": [
    {
      "type": "aws_vpn_connection",
      "name": "default",
      "properties": {
        "customer_gateway_id": "${var.customer_gateway_id}",
        "vpn_gateway_id": "${var.vpn_gateway_id}",
        "type": "ipsec.1",
        "tunnel1_inside_cidr": "${var.tunnel1_inside_cidr}",
        "tunnel2_inside_cidr": "${var.tunnel2_inside_cidr}",
        "tunnel1_preshared_key": "${var.tunnel1_preshared_key}",
        "tunnel2_preshared_key": "${var.tunnel2_preshared_key}",
        "tags": "${var.tags}",
        "transit_gateway_id": "${var.transit_gateway_id}",
        "tunnel_inside_ip_version": "${var.tunnel_inside_ip_version}",
        "vpn_connection_static_routes_only": "${var.vpn_connection_static_routes_only}",
        "local_ipv4_network_cidr": "${var.local_ipv4_network_cidr}",
        "local_ipv6_network_cidr": "${var.local_ipv6_network_cidr}",
        "remote_ipv4_network_cidr": "${var.remote_ipv4_network_cidr}",
        "remote_ipv6_network_cidr": "${var.remote_ipv6_network_cidr}",
        "vpn_connection_enable_acceleration": "${var.vpn_connection_enable_acceleration}",

        "tunnel1_dpd_timeout_action": "${var.tunnel1_dpd_timeout_action}",
        "tunnel1_dpd_timeout_seconds": "${var.tunnel1_dpd_timeout_seconds}",
        "tunnel1_enable_tunnel_lifecycle_control": "${var.tunnel1_enable_tunnel_lifecycle_control}",
        "tunnel1_ike_versions": "${var.tunnel1_ike_versions}",
        "tunnel1_log_options": "${var.tunnel1_log_options}",
        "tunnel1_phase1_dh_group_numbers": "${var.tunnel1_phase1_dh_group_numbers}",
        "tunnel1_phase1_encryption_algorithms": "${var.tunnel1_phase1_encryption_algorithms}",
        "tunnel1_phase1_integrity_algorithms": "${var.tunnel1_phase1_integrity_algorithms}",
        "tunnel1_phase1_lifetime_seconds": "${var.tunnel1_phase1_lifetime_seconds}",
        "tunnel1_phase2_dh_group_numbers": "${var.tunnel1_phase2_dh_group_numbers}",
        "tunnel1_phase2_encryption_algorithms": "${var.tunnel1_phase2_encryption_algorithms}",
        "tunnel1_phase2_integrity_algorithms": "${var.tunnel1_phase2_integrity_algorithms}",
        "tunnel1_phase2_lifetime_seconds": "${var.tunnel1_phase2_lifetime_seconds}",
        "tunnel1_rekey_fuzz_percentage": "${var.tunnel1_rekey_fuzz_percentage}",
        "tunnel1_rekey_margin_time_seconds": "${var.tunnel1_rekey_margin_time_seconds}",
        "tunnel1_replay_window_size": "${var.tunnel1_replay_window_size}",
        "tunnel1_startup_action": "${var.tunnel1_startup_action}",


        "tunnel2_dpd_timeout_action": "${var.tunnel2_dpd_timeout_action}",
        "tunnel2_dpd_timeout_seconds": "${var.tunnel2_dpd_timeout_seconds}",
        "tunnel2_enable_tunnel_lifecycle_control": "${var.tunnel2_enable_tunnel_lifecycle_control}",
        "tunnel2_ike_versions": "${var.tunnel2_ike_versions}",
        "tunnel2_log_options": "${var.tunnel2_log_options}",
        "tunnel2_phase1_dh_group_numbers": "${var.tunnel2_phase1_dh_group_numbers}",
        "tunnel2_phase1_encryption_algorithms": "${var.tunnel2_phase1_encryption_algorithms}",
        "tunnel2_phase1_integrity_algorithms": "${var.tunnel2_phase1_integrity_algorithms}",
        "tunnel2_phase1_lifetime_seconds": "${var.tunnel2_phase1_lifetime_seconds}",
        "tunnel2_phase2_dh_group_numbers": "${var.tunnel2_phase2_dh_group_numbers}",
        "tunnel2_phase2_encryption_algorithms": "${var.tunnel2_phase2_encryption_algorithms}",
        "tunnel2_phase2_integrity_algorithms": "${var.tunnel2_phase2_integrity_algorithms}",
        "tunnel2_phase2_lifetime_seconds": "${var.tunnel2_phase2_lifetime_seconds}",
        "tunnel2_rekey_fuzz_percentage": "${var.tunnel2_rekey_fuzz_percentage}",
        "tunnel2_rekey_margin_time_seconds": "${var.tunnel2_rekey_margin_time_seconds}",
        "tunnel2_replay_window_size": "${var.tunnel2_replay_window_size}",
        "tunnel2_startup_action": "${var.tunnel2_startup_action}"        
      },
      "condition": "${var.create_vpn_connection}"
    },
    {
      "type": "aws_vpn_gateway_attachment",
      "name": "default",
      "properties": {
        "vpc_id": "${var.vpc_id}",
        "vpn_gateway_id": "${var.vpn_gateway_id}"
      },
      "condition": "${var.create_vpn_gateway_attachment}"
    },
    {
      "type": "aws_vpn_connection_route",
      "name": "default",
      "count": "${length(var.vpn_connection_static_routes_destinations)}",
      "properties": {
        "vpn_connection_id": "${aws_vpn_connection.default.id}",
        "destination_cidr_block": "${element(var.vpn_connection_static_routes_destinations, count.index)}"
      },
      "condition": "${var.create_vpn_connection && var.vpn_connection_static_routes_only && length(var.vpn_connection_static_routes_destinations) > 0}"

    },
    {
      "type": "aws_vpn_gateway_route_propagation",
      "name": "private_subnets_vpn_routing",
      "count": "${var.vpc_subnet_route_table_count}",
      "properties": {
        "route_table_id": "${element(var.vpc_subnet_route_table_ids, count.index)}",
        "vpn_gateway_id": "${var.vpn_gateway_id}"
      }
    },
      {
        "type": "aws_ec2_tag",
        "name": "tags",
        "properties": {
          "resource_id": "${aws_vpn_connection.default.id}",
          "tags": "${var.tags}"
        },
        "condition": "${var.create_vpn_connection}"
      }
  ]
}