<?xml version="1.0" encoding="UTF-8"?>
<mxfile host="app.diagrams.net" modified="2023-11-22T18:24:41.142Z" agent="Mozilla/5.0 (Windows NT 10.0; Win64; x64) AppleWebKit/537.36 (KHTML, like Gecko) Chrome/119.0.0.0 Safari/537.36" etag="24_1673tN2hO7G142X9oM" version="21.7.3" type="device">
  <diagram id="R2lVYk1q-L0zQ2eS25Y8" name="Page-1">
    <mxGraphModel dx="1038" dy="643" grid="1" gridSize="10" guides="1" tooltips="1" connect="1" arrows="1" fold="1" page="1" pageScale="1" pageWidth="827" pageHeight="1169" math="0" shadow="0">
      <root>
        <mxCell id="0" />
        <mxCell id="1" parent="0" />
        <mxCell id="b5q59p-D7uU0r10q413L-2" value="ECR" style="shape=mxgraph.aws4.ecr;whiteSpace=wrap;html=1;aspect=fixed;strokeColor=#D79B00;fillColor=#F78E04;" vertex="1" parent="1">
          <mxGeometry x="240" y="200" width="80" height="80" as="geometry" />
        </mxCell>
        <mxCell id="b5q59p-D7uU0r10q413L-3" value="Lifecycle&#10;Policy" style="shape=mxgraph.aws4.lifecycle_policy;whiteSpace=wrap;html=1;strokeColor=#231F20;fillColor=#ffffff;" vertex="1" parent="1">
          <mxGeometry x="140" y="300" width="80" height="80" as="geometry" />
        </mxCell>
        <mxCell id="b5q59p-D7uU0r10q413L-4" value="Replication&#10;Configuration" style="shape=mxgraph.aws4.ecr_replication;whiteSpace=wrap;html=1;strokeColor=#231F20;fillColor=#ffffff;" vertex="1" parent="1">
          <mxGeometry x="360" y="300" width="80" height="80" as="geometry" />
        </mxCell>
        <mxCell id="b5q59p-D7uU0r10q413L-5" value="IAM Policy" style="shape=mxgraph.aws4.iam_policy;whiteSpace=wrap;html=1;strokeColor=#231F20;fillColor=#ffffff;" vertex="1" parent="1">
          <mxGeometry x="240" y="100" width="80" height="80" as="geometry" />
        </mxCell>
        <mxCell id="b5q59p-D7uU0r10q413L-6" value="" style="endArrow=classic;html=1;rounded=0;entryX=0.5;entryY=1;entryDx=0;entryDy=0;exitX=0.5;exitY=0;exitDx=0;exitDy=0;" edge="1" parent="1" source="b5q59p-D7uU0r10q413L-2" target="b5q59p-D7uU0r10q413L-5">
          <mxGeometry width="50" height="50" relative="1" as="geometry">
            <mxPoint x="390" y="260" as="sourcePoint" />
            <mxPoint x="440" y="210" as="targetPoint" />
          </mxGeometry>
        </mxCell>
        <mxCell id="b5q59p-D7uU0r10q413L-7" value="" style="endArrow=classic;html=1;rounded=0;exitX=0;exitY=0.5;exitDx=0;exitDy=0;entryX=0.5;entryY=1;entryDx=0;entryDy=0;" edge="1" parent="1" source="b5q59p-D7uU0r10q413L-2" target="b5q59p-D7uU0r10q413L-3">
          <mxGeometry width="50" height="50" relative="1" as="geometry">
            <mxPoint x="260" y="290" as="sourcePoint" />
            <mxPoint x="230" y="230" as="targetPoint" />
          </mxGeometry>
        </mxCell>
        <mxCell id="b5q59p-D7uU0r10q413L-8" value="" style="endArrow=classic;html=1;rounded=0;exitX=1;exitY=0.5;exitDx=0;exitDy=0;entryX=0.5;entryY=1;entryDx=0;entryDy=0;" edge="1" parent="1" source="b5q59p-D7uU0r10q413L-2" target="b5q59p-D7uU0r10q413L-4">
          <mxGeometry width="50" height="50" relative="1" as="geometry">
            <mxPoint x="330" y="290" as="sourcePoint" />
            <mxPoint x="300" y="230" as="targetPoint" />
          </mxGeometry>
        </mxCell>
      </root>
    </mxGraphModel>
  </diagram>
</mxfile>