{
  "module": "cloudposse/ecr/aws",
  "resources": {
    "aws_ecr_repository": {
      "count": {
        "image_names": "${length(var.image_names)} > 0 ? length(var.image_names) : 1"
      },
      "name": {
        "image_names": "${element(var.image_names, count.index)}",
        "namespace": "${var.namespace}",
        "stage": "${var.stage}",
        "name": "${var.name}",
        "use_fullname": "${var.use_fullname}"
      },
      "force_delete": "${var.force_delete}",
      "image_tag_mutability": "${var.image_tag_mutability}",
      "image_scanning_configuration": {
        "scan_on_push": "${var.scan_images_on_push}"
      },
      "encryption_configuration": {
        "encryption_type": "${var.encryption_configuration.encryption_type}",
        "kms_key": "${var.encryption_configuration.kms_key}"
      },
      "tags": {}
    },
    "aws_ecr_repository_policy": {
      "count": {
        "principals_full_access": "${length(var.principals_full_access) > 0 || length(var.principals_readonly_access) > 0 || length(var.organizations_full_access) > 0 || length(var.organizations_readonly_access) > 0 ? length(var.image_names) > 0 ? length(var.image_names) : 1 : 0}",
        "image_names": "${length(var.image_names)}"
      },
      "repository": {
          "image_names": "${element(var.image_names, count.index)}",
          "aws_ecr_repository_name": "${aws_ecr_repository.name[count.index].name}"
      },
      "policy": {
        "principals_full_access": "${var.principals_full_access}",
        "principals_readonly_access": "${var.principals_readonly_access}",
        "principals_pull_though_access": "${var.principals_pull_though_access}",
        "principals_push_access": "${var.principals_push_access}",
        "principals_lambda": "${var.principals_lambda}",
        "organizations_full_access": "${var.organizations_full_access}",
        "organizations_readonly_access": "${var.organizations_readonly_access}",
        "organizations_push_access": "${var.organizations_push_access}",
        "prefixes_pull_through_repositories": "${var.prefixes_pull_through_repositories}"
      }
    },
    "aws_ecr_lifecycle_policy": {
      "count": {
        "enable_lifecycle_policy": "${var.enable_lifecycle_policy ? length(var.image_names) > 0 ? length(var.image_names) : 1 : 0}"
      },
      "repository": {
          "image_names": "${element(var.image_names, count.index)}",
          "aws_ecr_repository_name": "${aws_ecr_repository.name[count.index].name}"
      },
      "policy": {
          "max_image_count": "${var.max_image_count}",
          "protected_tags": "${var.protected_tags}",
          "protected_tags_keep_count": "${var.protected_tags_keep_count}",
          "default_lifecycle_rules_settings": "${var.default_lifecycle_rules_settings}",
          "time_based_rotation": "${var.time_based_rotation}",
          "custom_lifecycle_rules": "${var.custom_lifecycle_rules}"
      }
    },
    "aws_ecr_replication_configuration": {
      "count": {
        "replication_configurations": "${length(var.replication_configurations)}"
      },
      "replication_configuration": "${element(var.replication_configurations, count.index)}"
    }
  },
  "variables": {
    "namespace": "eg",
    "stage": "test",
    "name": "ecr",
    "principals_full_access": [],
    "force_delete": false,
    "image_tag_mutability": "IMMUTABLE",
    "scan_images_on_push": true,
    "max_image_count": 500,
    "protected_tags": [],
    "protected_tags_keep_count": 999999,
    "enable_lifecycle_policy": true,
    "default_lifecycle_rules_settings": {
        "remove_old_image_rule": {
            "enabled": true
        },
        "untagged_image_rule": {
            "enabled": true
        }
    },
    "time_based_rotation": false,
    "custom_lifecycle_rules": [],
    "replication_configurations": [],
    "encryption_configuration": null
  }
}