<?xml version="1.0" encoding="UTF-8"?>
<mxfile host="app.diagrams.net" modified="2023-11-22T18:11:30.873Z" agent="Mozilla/5.0 (Windows NT 10.0; Win64; x64) AppleWebKit/537.36 (KHTML, like Gecko) Chrome/119.0.0.0 Safari/537.36" etag="kXjZ_17w0uX4K2v92_x3" version="21.6.8" type="device">
  <diagram id="R2lEEEUBdFMjLlh3vFKP" name="Page-1">
    <mxGraphModel dx="1050" dy="577" grid="1" gridSize="10" guides="1" tooltips="1" connect="1" arrows="1" fold="1" page="1" pageScale="1" pageWidth="850" pageHeight="1100" math="0" shadow="0">
      <root>
        <mxCell id="0" />
        <mxCell id="1" parent="0" />
        <mxCell id="eGxc_5ZQw1lL6-43pwlL-1" value="AWS Account" style="shape=mxgraph.aws4.group;grIcon=mxgraph.aws4.group_aws_cloud;strokeColor=#232F3E;fillColor=none;verticalAlign=top;align=left;spacingLeft=30;fontColor=#232F3E;dashed=0;verticalLabelPosition=bottom;labelPosition=right;spacingTop=25;" vertex="1" parent="1">
          <mxGeometry x="40" y="40" width="780" height="450" as="geometry" />
        </mxCell>
        <mxCell id="eGxc_5ZQw1lL6-43pwlL-2" value="Key Pair" style="shape=mxgraph.aws4.resourceIcon;resIcon=mxgraph.aws4.ec2;labelPosition=center;verticalLabelPosition=bottom;align=center;verticalAlign=top;strokeColor=#232F3E;fillColor=#D86613;fontColor=#ffffff;dashed=0;" vertex="1" parent="eGxc_5ZQw1lL6-43pwlL-1">
          <mxGeometry x="160" y="160" width="60" height="60" as="geometry" />
        </mxCell>
        <mxCell id="eGxc_5ZQw1lL6-43pwlL-3" value="SSM Parameter" style="shape=mxgraph.aws4.resourceIcon;resIcon=mxgraph.aws4.ssm_parameter_store;labelPosition=center;verticalLabelPosition=bottom;align=center;verticalAlign=top;strokeColor=#232F3E;fillColor=#D86613;fontColor=#ffffff;dashed=0;" vertex="1" parent="eGxc_5ZQw1lL6-43pwlL-1">
          <mxGeometry x="340" y="160" width="60" height="60" as="geometry" />
        </mxCell>
        <mxCell id="eGxc_5ZQw1lL6-43pwlL-4" value="" style="endArrow=classic;html=1;rounded=0;exitX=1;exitY=0.5;exitDx=0;exitDy=0;entryX=0;entryY=0.5;entryDx=0;entryDy=0;" edge="1" parent="eGxc_5ZQw1lL6-43pwlL-1" source="eGxc_5ZQw1lL6-43pwlL-2" target="eGxc_5ZQw1lL6-43pwlL-3">
          <mxGeometry width="50" height="50" relative="1" as="geometry">
            <mxPoint x="260" y="200" as="sourcePoint" />
            <mxPoint x="310" y="150" as="targetPoint" />
          </mxGeometry>
        </mxCell>
        <mxCell id="eGxc_5ZQw1lL6-43pwlL-5" value="Local Files" style="shape=mxgraph.aws4.resourceIcon;resIcon=mxgraph.aws4.documents;labelPosition=center;verticalLabelPosition=bottom;align=center;verticalAlign=top;strokeColor=#232F3E;fillColor=#D86613;fontColor=#ffffff;dashed=0;" vertex="1" parent="eGxc_5ZQw1lL6-43pwlL-1">
          <mxGeometry x="40" y="160" width="60" height="60" as="geometry" />
        </mxCell>
        <mxCell id="eGxc_5ZQw1lL6-43pwlL-6" value="" style="endArrow=classic;html=1;rounded=0;exitX=1;exitY=0.5;exitDx=0;exitDy=0;entryX=0;entryY=0.5;entryDx=0;entryDy=0;" edge="1" parent="eGxc_5ZQw1lL6-43pwlL-1" source="eGxc_5ZQw1lL6-43pwlL-5" target="eGxc_5ZQw1lL6-43pwlL-2">
          <mxGeometry width="50" height="50" relative="1" as="geometry">
            <mxPoint x="110" y="190" as="sourcePoint" />
            <mxPoint x="160" y="140" as="targetPoint" />
          </mxGeometry>
        </mxCell>
      </root>
    </mxGraphModel>
  </diagram>
</mxfile>