{
  "module": "cloudposse/key-pair/aws",
  "resources": {
    "aws_key_pair": [
      {
        "name": "generated",
        "generate": true,
        "algorithm": "RSA",
        "private_key_extension": ".pem",
        "public_key_extension": ".pub",
        "ssm_parameter_enabled": false,
        "ssm_parameter_path_prefix": "/ec2/key-pairs/"


      },
      {
        "name": "imported",
        "generate": false,
        "public_key_path": "/secrets"
      }
    ],
    "aws_ssm_parameter": [
      {
          "name": "private_key",
          "enabled": false
      }
    ],
    "local_file": [
      {
        "name": "public_key_openssh"
      }
    ],
    "local_sensitive_file": [
      {
        "name": "private_key_pem"
      }
    ],

    "tls_private_key": [
      {
        "name": "default"
      }
    ]
  },
  "variables": {
    "namespace": {
      "type": "string",
      "default": "eg"
    },
    "stage": {
      "type": "string",
      "default": "prod"
    },
    "name": {
      "type": "string",
      "default": "app"

    },
    "ssh_public_key_path": {
      "type": "string",
      "required": true
    },
    "generate_ssh_key": {
      "type": "bool",
      "default": true
    },
    "private_key_extension": {
      "type": "string",
      "default": ".pem"
    },
    "public_key_extension": {
      "type": "string",
      "default": ".pub"

    }
  },
  "outputs": {
    "key_name": {},
    "private_key": {},
    "private_key_filename": {},
    "public_key": {},
    "public_key_filename": {}
  }
}