<?xml version="1.0" encoding="UTF-8"?>
<mxfile host="app.diagrams.net" modified="2024-01-24T13:55:44.272Z" agent="Mozilla/5.0 (Windows NT 10.0; Win64; x64) AppleWebKit/537.36 (KHTML, like Gecko) Chrome/109.0.0.0 Safari/537.36" etag="6F-F8zT3Q_i_O2xP5a5R" version="21.8.2" type="device">
  <diagram id="R2lEEEUBdFMjLlh3-uN0" name="Page-1">
    <mxGraphModel dx="1422" dy="794" grid="1" gridSize="10" guides="1" tooltips="1" connect="1" arrows="1" fold="1" page="1" pageScale="1" pageWidth="850" pageHeight="1100" math="0" shadow="0">
      <root>
        <mxCell id="0" />
        <mxCell id="1" parent="0" />
        <mxCell id="m9p2X6qSf5fC2E2QzU9M-1" value="API Gateway" style="rounded=0;whiteSpace=wrap;html=1;fillColor=#F58536;strokeColor=#E67E32;verticalAlign=top;align=left;" vertex="1" parent="1">
          <mxGeometry x="40" y="40" width="780" height="580" as="geometry" />
        </mxCell>
        <mxCell id="m9p2X6qSf5fC2E2QzU9M-2" value="API" style="shape=mxgraph.aws4.api_gateway;labelPosition=center;verticalLabelPosition=bottom;align=center;verticalAlign=top;resIcon=mxgraph.aws4.api_gateway;" vertex="1" parent="m9p2X6qSf5fC2E2QzU9M-1">
          <mxGeometry x="40" y="40" width="70" height="70" as="geometry" />
        </mxCell>
        <mxCell id="m9p2X6qSf5fC2E2QzU9M-3" value="Authorizer" style="shape=mxgraph.aws4.authorizer;labelPosition=center;verticalLabelPosition=bottom;align=center;verticalAlign=top;resIcon=mxgraph.aws4.authorizer;" vertex="1" parent="m9p2X6qSf5fC2E2QzU9M-1">
          <mxGeometry x="160" y="40" width="70" height="70" as="geometry" />
        </mxCell>
        <mxCell id="m9p2X6qSf5fC2E2QzU9M-4" value="Domain Name" style="shape=mxgraph.aws4.domain_name;labelPosition=center;verticalLabelPosition=bottom;align=center;verticalAlign=top;resIcon=mxgraph.aws4.domain_name;" vertex="1" parent="m9p2X6qSf5fC2E2QzU9M-1">
          <mxGeometry x="40" y="160" width="70" height="70" as="geometry" />
        </mxCell>
        <mxCell id="m9p2X6qSf5fC2E2QzU9M-5" value="Route53" style="shape=mxgraph.aws4.route_53;labelPosition=center;verticalLabelPosition=bottom;align=center;verticalAlign=top;resIcon=mxgraph.aws4.route_53;" vertex="1" parent="m9p2X6qSf5fC2E2QzU9M-1">
          <mxGeometry x="160" y="160" width="70" height="70" as="geometry" />
        </mxCell>
        <mxCell id="m9p2X6qSf5fC2E2QzU9M-6" value="Certificate&#xa;(ACM)" style="shape=mxgraph.aws4.certificate_manager;labelPosition=center;verticalLabelPosition=bottom;align=center;verticalAlign=top;resIcon=mxgraph.aws4.certificate_manager;" vertex="1" parent="m9p2X6qSf5fC2E2QzU9M-1">
          <mxGeometry x="280" y="160" width="70" height="70" as="geometry" />
        </mxCell>
        <mxCell id="m9p2X6qSf5fC2E2QzU9M-7" value="Routes" style="shape=mxgraph.aws4.route;labelPosition=center;verticalLabelPosition=bottom;align=center;verticalAlign=top;resIcon=mxgraph.aws4.route;" vertex="1" parent="m9p2X6qSf5fC2E2QzU9M-1">
          <mxGeometry x="40" y="280" width="70" height="70" as="geometry" />
        </mxCell>
        <mxCell id="m9p2X6qSf5fC2E2QzU9M-8" value="Integrations" style="shape=mxgraph.aws4.integration;labelPosition=center;verticalLabelPosition=bottom;align=center;verticalAlign=top;resIcon=mxgraph.aws4.integration;" vertex="1" parent="m9p2X6qSf5fC2E2QzU9M-1">
          <mxGeometry x="160" y="280" width="70" height="70" as="geometry" />
        </mxCell>
        <mxCell id="m9p2X6qSf5fC2E2QzU9M-9" value="Stage" style="shape=mxgraph.aws4.stage;labelPosition=center;verticalLabelPosition=bottom;align=center;verticalAlign=top;resIcon=mxgraph.aws4.stage;" vertex="1" parent="m9p2X6qSf5fC2E2QzU9M-1">
          <mxGeometry x="40" y="400" width="70" height="70" as="geometry" />
        </mxCell>
        <mxCell id="m9p2X6qSf5fC2E2QzU9M-10" value="Deployment" style="shape=mxgraph.aws4.deployment;labelPosition=center;verticalLabelPosition=bottom;align=center;verticalAlign=top;resIcon=mxgraph.aws4.deployment;" vertex="1" parent="m9p2X6qSf5fC2E2QzU9M-1">
          <mxGeometry x="160" y="400" width="70" height="70" as="geometry" />
        </mxCell>
        <mxCell id="m9p2X6qSf5fC2E2QzU9M-11" value="CloudWatch&#xa;Log Group" style="shape=mxgraph.aws4.cloudwatch;labelPosition=center;verticalLabelPosition=bottom;align=center;verticalAlign=top;resIcon=mxgraph.aws4.cloudwatch;" vertex="1" parent="m9p2X6qSf5fC2E2QzU9M-1">
          <mxGeometry x="280" y="400" width="70" height="70" as="geometry" />
        </mxCell>
        <mxCell id="m9p2X6qSf5fC2E2QzU9M-12" value="VPC Link" style="shape=mxgraph.aws4.vpc;labelPosition=center;verticalLabelPosition=bottom;align=center;verticalAlign=top;resIcon=mxgraph.aws4.vpc;" vertex="1" parent="m9p2X6qSf5fC2E2QzU9M-1">
          <mxGeometry x="40" y="500" width="70" height="70" as="geometry" />
        </mxCell>
      </root>
    </mxGraphModel>
  </diagram>
</mxfile>