<?xml version="1.0" encoding="UTF-8"?>
<mxfile host="app.diagrams.net" modified="2023-11-22T18:20:24.521Z" agent="Mozilla/5.0 (Macintosh; Intel Mac OS X 10_15_7) AppleWebKit/537.36 (KHTML, like Gecko) Chrome/119.0.0.0 Safari/537.36" etag="i-13B_F9m59H-L5tKq_hD" version="21.6.8" type="device">
  <diagram id="R2lEEEUBdFMjLlhneB1Z" name="Page-1">
    <mxGraphModel dx="1134" dy="713" grid="1" gridSize="10" guides="1" tooltips="1" connect="1" arrows="1" fold="1" page="1" pageScale="1" pageWidth="850" pageHeight="1100" math="0" shadow="0">
      <root>
        <mxCell id="0" />
        <mxCell id="1" parent="0" />
        <mxCell id="2" value="AWS Account 111111111111" style="rounded=0;whiteSpace=wrap;html=1;fillColor=#f5f5f5;fontColor=#333333;strokeColor=#666666;" parent="1" vertex="1">
          <mxGeometry x="40" y="40" width="120" height="60" as="geometry" />
        </mxCell>
        <mxCell id="3" value="AWS Account 222222222222" style="rounded=0;whiteSpace=wrap;html=1;fillColor=#f5f5f5;fontColor=#333333;strokeColor=#666666;" parent="1" vertex="1">
          <mxGeometry x="200" y="40" width="120" height="60" as="geometry" />
        </mxCell>
        <mxCell id="4" value="Administrators Group" style="shape=mxgraph.aws4.group;whiteSpace=wrap;html=1;resIcon=mxgraph.aws4.groups;" parent="1" vertex="1">
          <mxGeometry x="60" y="140" width="80" height="72.5" as="geometry" />
        </mxCell>
        <mxCell id="5" value="S3Adminstrators Group" style="shape=mxgraph.aws4.group;whiteSpace=wrap;html=1;resIcon=mxgraph.aws4.groups;" parent="1" vertex="1">
          <mxGeometry x="60" y="240" width="80" height="72.5" as="geometry" />
        </mxCell>
        <mxCell id="6" value="Developers Group" style="shape=mxgraph.aws4.group;whiteSpace=wrap;html=1;resIcon=mxgraph.aws4.groups;" parent="1" vertex="1">
          <mxGeometry x="220" y="140" width="80" height="72.5" as="geometry" />
        </mxCell>
        <mxCell id="7" value="Permission Set: AdministratorAccess" style="shape=mxgraph.aws4.permissions;whiteSpace=wrap;html=1;resIcon=mxgraph.aws4.instance_iam_permissions;" parent="1" vertex="1">
          <mxGeometry x="400" y="140" width="160" height="80" as="geometry" />
        </mxCell>
        <mxCell id="8" value="Permission Set: S3AdministratorAccess" style="shape=mxgraph.aws4.permissions;whiteSpace=wrap;html=1;resIcon=mxgraph.aws4.instance_iam_permissions;" parent="1" vertex="1">
          <mxGeometry x="400" y="240" width="160" height="80" as="geometry" />
        </mxCell>
        <mxCell id="9" value="" style="endArrow=classic;html=1;rounded=0;entryX=0;entryY=0.5;exitX=1;exitY=0.5;" parent="1" source="4" target="7" edge="1">
          <mxGeometry width="50" height="50" relative="1" as="geometry">
            <mxPoint x="390" y="190" as="sourcePoint" />
            <mxPoint x="440" y="140" as="targetPoint" />
          </mxGeometry>
        </mxCell>
        <mxCell id="10" value="" style="endArrow=classic;html=1;rounded=0;entryX=0;entryY=0.5;exitX=1;exitY=0.5;" parent="1" source="5" target="8" edge="1">
          <mxGeometry width="50" height="50" relative="1" as="geometry">
            <mxPoint x="160" y="286" as="sourcePoint" />
            <mxPoint x="400" y="286" as="targetPoint" />
          </mxGeometry>
        </mxCell>
        <mxCell id="11" value="" style="endArrow=classic;html=1;rounded=0;entryX=0;entryY=0.5;exitX=1;exitY=0.5;" parent="1" source="6" target="7" edge="1">
          <mxGeometry width="50" height="50" relative="1" as="geometry">
            <mxPoint x="320" y="176" as="sourcePoint" />
            <mxPoint x="400" y="176" as="targetPoint" />
          </mxGeometry>
        </mxCell>
        <mxCell id="12" value="Managed Policy: S3Access" style="shape=mxgraph.aws4.managed_policy;whiteSpace=wrap;html=1;resIcon=mxgraph.aws4.iam_managed_policies;" parent="1" vertex="1">
          <mxGeometry x="600" y="150" width="140" height="70" as="geometry" />
        </mxCell>
        <mxCell id="13" value="" style="endArrow=classic;html=1;rounded=0;entryX=0;entryY=0.5;exitX=1;exitY=0.5;" parent="1" source="7" target="12" edge="1">
          <mxGeometry width="50" height="50" relative="1" as="geometry">
            <mxPoint x="570" y="180" as="sourcePoint" />
            <mxPoint x="620" y="130" as="targetPoint" />
          </mxGeometry>
        </mxCell>
        <mxCell id="14" value="Inline Policy (from data.aws_iam_policy_document.S3Access)" style="shape=document;whiteSpace=wrap;html=1;boundedLbl=1;" vertex="1" parent="1">
          <mxGeometry x="600" y="250" width="140" height="70" as="geometry" />
        </mxCell>
        <mxCell id="15" value="" style="endArrow=classic;html=1;rounded=0;entryX=0;entryY=0.5;exitX=1;exitY=0.5;dashed=1;" edge="1" parent="1" source="8" target="14">
          <mxGeometry width="50" height="50" relative="1" as="geometry">
            <mxPoint x="570" y="280" as="sourcePoint" />
            <mxPoint x="620" y="230" as="targetPoint" />
          </mxGeometry>
        </mxCell>
      </root>
    </mxGraphModel>
  </diagram>
</mxfile>