{
  "module": "aws-sso",
  "description": "This module configures AWS Single Sign-On (SSO). AWS SSO makes it easy to centrally manage access to multiple AWS accounts and business applications and provide users with single sign-on access to all their assigned accounts and applications from one place.",
  "submodules": [
    {
      "name": "account-assignments",
      "path": "/modules/account-assignments",
      "description": "A module for assigning users and groups to permission sets in particular accounts"
    },
    {
      "name": "permission-sets",
      "path": "/modules/permission-sets",
      "description": "A module for provisioning AWS SSO permission sets"
    }
  ],
  "examples": [
    {
      "name": "complete",
      "path": "/examples/complete",
      "description": "Complete example of using these modules"
    }
  ]
}