<?xml version="1.0" encoding="UTF-8"?>
<mxfile host="app.diagrams.net" modified="2023-10-27T16:58:42.236Z" agent="Mozilla/5.0 (Windows NT 10.0; Win64; x64) AppleWebKit/537.36 (KHTML, like Gecko) Chrome/118.0.0.0 Safari/537.36" etag="z0x803qWq6d5eP3i2-R6" version="21.7.5" type="google">
  <diagram name="Page-1" id="2YBvvXClWsGukQMizWep">
    <mxGraphModel dx="1422" dy="794" grid="1" gridSize="10" guides="1" tooltips="1" connect="1" arrows="1" fold="1" page="1" pageScale="1" pageWidth="850" pageHeight="1100" math="0" shadow="0">
      <root>
        <mxCell id="0" />
        <mxCell id="1" parent="0" />
        <mxCell id="o17Q4DsMddO533W1vL6M-1" value="VPC" style="rounded=0;whiteSpace=wrap;html=1;fillColor=#f58534;strokeColor=#cd7328;fontColor=#ffffff;verticalAlign=top;align=left;spacingLeft=5;arcSize=3;" vertex="1" parent="1">
          <mxGeometry x="80" y="80" width="680" height="520" as="geometry" />
        </mxCell>
        <mxCell id="o17Q4DsMddO533W1vL6M-2" value="Public Subnets" style="rounded=0;whiteSpace=wrap;html=1;fillColor=#e1d5e7;strokeColor=#9673a6;verticalAlign=top;align=left;spacingLeft=5;arcSize=3;" vertex="1" parent="o17Q4DsMddO533W1vL6M-1">
          <mxGeometry x="40" y="40" width="280" height="200" as="geometry" />
        </mxCell>
        <mxCell id="o17Q4DsMddO533W1vL6M-3" value="Private Subnets" style="rounded=0;whiteSpace=wrap;html=1;fillColor=#e1d5e7;strokeColor=#9673a6;verticalAlign=top;align=left;spacingLeft=5;arcSize=3;" vertex="1" parent="o17Q4DsMddO533W1vL6M-1">
          <mxGeometry x="40" y="280" width="280" height="200" as="geometry" />
        </mxCell>
        <mxCell id="o17Q4DsMddO533W1vL6M-4" value="Internet Gateway" style="shape=mxgraph.aws4.internet_gateway;html=1;pointerEvents=1;dashed=0;fillColor=#F58534;strokeColor=#cd7328;verticalLabelPosition=bottom;verticalAlign=top;align=center;resIcon=mxgraph.aws4.internet_gateway;" vertex="1" parent="o17Q4DsMddO533W1vL6M-1">
          <mxGeometry x="360" y="40" width="75" height="78" as="geometry" />
        </mxCell>
        <mxCell id="o17Q4DsMddO533W1vL6M-5" value="NAT Gateway" style="shape=mxgraph.aws4.nat_gateway;html=1;pointerEvents=1;dashed=0;fillColor=#F58534;strokeColor=#cd7328;verticalLabelPosition=bottom;verticalAlign=top;align=center;resIcon=mxgraph.aws4.nat_gateway;" vertex="1" parent="o17Q4DsMddO533W1vL6M-1">
          <mxGeometry x="480" y="70" width="73.5" height="81" as="geometry" />
        </mxCell>
        <mxCell id="o17Q4DsMddO533W1vL6M-7" value="" style="endArrow=classic;html=1;rounded=0;entryX=0;entryY=0.5;entryDx=0;entryDy=0;exitX=1;exitY=0.5;exitDx=0;exitDy=0;" edge="1" parent="o17Q4DsMddO533W1vL6M-1" source="o17Q4DsMddO533W1vL6M-2" target="o17Q4DsMddO533W1vL6M-4">
          <mxGeometry width="50" height="50" relative="1" as="geometry">
            <mxPoint x="320" y="210" as="sourcePoint" />
            <mxPoint x="370" y="160" as="targetPoint" />
          </mxGeometry>
        </mxCell>
        <mxCell id="o17Q4DsMddO533W1vL6M-8" value="" style="endArrow=classic;html=1;rounded=0;exitX=1;exitY=0.5;exitDx=0;exitDy=0;entryX=0;entryY=0.5;entryDx=0;entryDy=0;" edge="1" parent="o17Q4DsMddO533W1vL6M-1" source="o17Q4DsMddO533W1vL6M-3" target="o17Q4DsMddO533W1vL6M-5">
          <mxGeometry width="50" height="50" relative="1" as="geometry">
            <mxPoint x="330" y="370" as="sourcePoint" />
            <mxPoint x="470" y="370" as="targetPoint" />
          </mxGeometry>
        </mxCell>
      </root>
    </mxGraphModel>
  </diagram>
</mxfile>