{
  "module": "dynamic-subnets",
  "source": "cloudposse/dynamic-subnets/aws",
  "variables": {
    "namespace": {
      "type": "string",
      "description": "ID element. Usually an abbreviation of your organization name, e.g. 'eg' or 'cp', to help ensure generated IDs are globally unique"
    },
    "stage": {
      "type": "string",
      "description": "ID element. Usually used to indicate role, e.g. 'prod', 'staging', 'source', 'build', 'test', 'deploy', 'release'"
    },
    "name": {
      "type": "string",
      "description": "ID element. Usually the component or solution name, e.g. 'app' or 'jenkins'.<br/>This is the only ID element not also included as a `tag`.<br/>The \"name\" tag is set to the full `id` string. There is no tag with the value of the `name` input."
    },
    "vpc_id": {
      "type": "string",
      "description": "VPC ID where subnets will be created (e.g. `vpc-aceb2723`)"
    },
    "igw_id": {
      "type": "list(string)",
      "description": "The Internet Gateway ID that the public subnets will route traffic to.<br/>Used if `public_route_table_enabled` is `true`, ignored otherwise."
    },
    "ipv4_cidr_block": {
      "type": "list(string)",
      "description": "Base IPv4 CIDR block which will be divided into subnet CIDR blocks (e.g. `10.0.0.0/16`). Ignored if `ipv4_cidrs` is set.<br/>If no CIDR block is provided, the VPC's default IPv4 CIDR block will be used."
    },
    "availability_zones": {
      "type": "list(string)",
      "description": "List of Availability Zones (AZs) where subnets will be created. Ignored when `availability_zone_ids` is set."
    },
    "nat_gateway_enabled": {
      "type": "bool",
      "description": "Set `true` to create NAT Gateways to perform IPv4 NAT and NAT64 as needed.<br/>Defaults to `true` unless `nat_instance_enabled` is `true`."
    },
    "public_subnets_enabled": {
      "type": "bool",
      "description": "If false, do not create public subnets.<br/>Since NAT gateways and instances must be created in public subnets, these will also not be created when `false`."
    }
  },
  "resources": {
    "aws_subnet": [
      {
        "type": "public",
        "count_per_az": 1
      },
      {
        "type": "private",
        "count_per_az": 1
      }
    ],
    "aws_route_table": [
      {
        "type": "public"
      },
      {
        "type": "private"
      }
    ],
    "aws_route_table_association": [
      {
        "type": "public"
      },
      {
        "type": "private"
      }
    ],
     "aws_nat_gateway": [
      {
        "type": "default"
      }
    ],
    "aws_network_acl": [
      {
        "type": "public"
      },
      {
        "type": "private"
      }
    ],
    "aws_eip": []

  }
}