<?xml version="1.0" encoding="UTF-8"?>
<mxfile host="app.diagrams.net" modified="2023-10-27T18:39:41.990Z" agent="Mozilla/5.0 (Windows NT 10.0; Win64; x64) AppleWebKit/537.36 (KHTML, like Gecko) Chrome/118.0.0.0 Safari/537.36" etag="f-mD_6w776V-a42fX-c6" version="21.8.2" type="device">
  <diagram id="R2lEEEUBdFMjLlh34K-v" name="Page-1">
    <mxGraphModel dx="1050" dy="579" grid="1" gridSize="10" guides="1" tooltips="1" connect="1" arrows="1" fold="1" page="1" pageScale="1" pageWidth="850" pageHeight="1100" math="0" shadow="0">
      <root>
        <mxCell id="0" />
        <mxCell id="1" parent="0" />
        <mxCell id="OX9t36MKC_cI-l4tRQXw-1" value="VPC" style="shape=mxgraph.aws4.group_vpc;verticalAlign=top;align=left;spacingTop=30;dashed=0;verticalLabelPosition=bottom;labelBackgroundColor=#ffffff;fontFamily=Helvetica;fontSize=12;fillColor=#F58536;strokeColor=#ffffff;fontColor=#000000;verticalAlign=top;align=center;" parent="1" vertex="1">
          <mxGeometry x="120" y="80" width="620" height="400" as="geometry" />
        </mxCell>
        <mxCell id="OX9t36MKC_cI-l4tRQXw-2" value="Private Subnets" style="shape=mxgraph.aws4.group_subnet;verticalAlign=top;align=left;spacingTop=10;dashed=0;verticalLabelPosition=bottom;labelBackgroundColor=#ffffff;fontColor=#000000;verticalAlign=top;align=center;fillColor=#7AA1B3;strokeColor=#ffffff;" parent="OX9t36MKC_cI-l4tRQXw-1" vertex="1">
          <mxGeometry x="40" y="140" width="540" height="220" as="geometry" />
        </mxCell>
        <mxCell id="OX9t36MKC_cI-l4tRQXw-3" value="CodeBuild" style="shape=mxgraph.aws4.codebuild;resIcon=mxgraph.aws4.codebuild;labelPosition=center;verticalLabelPosition=bottom;align=center;verticalAlign=top;spacingTop=-5;fontColor=#000000;strokeColor=#ffffff;fillColor=#D9A741;" parent="OX9t36MKC_cI-l4tRQXw-2" vertex="1">
          <mxGeometry x="230" y="80" width="70" height="70" as="geometry" />
        </mxCell>
        <mxCell id="OX9t36MKC_cI-l4tRQXw-4" value="S3 Bucket (Cache)" style="shape=mxgraph.aws4.s3;resIcon=mxgraph.aws4.s3;labelPosition=center;verticalLabelPosition=bottom;align=center;verticalAlign=top;fontColor=#000000;strokeColor=#ffffff;fillColor=#2E73B8;" parent="1" vertex="1">
          <mxGeometry x="210" y="490" width="70" height="70" as="geometry" />
        </mxCell>
        <mxCell id="OX9t36MKC_cI-l4tRQXw-5" value="ECR" style="shape=mxgraph.aws4.ecr;resIcon=mxgraph.aws4.ecr;labelPosition=center;verticalLabelPosition=bottom;align=center;verticalAlign=top;fontColor=#000000;strokeColor=#ffffff;fillColor=#4A90E2;" parent="1" vertex="1">
          <mxGeometry x="470" y="490" width="70" height="70" as="geometry" />
        </mxCell>
        <mxCell id="OX9t36MKC_cI-l4tRQXw-6" value="IAM Role &amp;amp; Policy" style="shape=mxgraph.aws4.iam_role;resIcon=mxgraph.aws4.iam_role;labelPosition=center;verticalLabelPosition=bottom;align=center;verticalAlign=top;fontColor=#000000;strokeColor=#ffffff;fillColor=#D9A741;" parent="1" vertex="1">
          <mxGeometry x="340" y="490" width="70" height="70" as="geometry" />
        </mxCell>
        <mxCell id="OX9t36MKC_cI-l4tRQXw-8" style="edgeStyle=orthogonalEdgeStyle;rounded=0;orthogonalLoop=1;jettySize=auto;html=1;entryX=0.5;entryY=0;entryDx=0;entryDy=0;exitX=0.5;exitY=1;exitDx=0;exitDy=0;startArrow=classic;startFill=1;endArrow=none;endFill=0;" parent="1" source="OX9t36MKC_cI-l4tRQXw-3" target="OX9t36MKC_cI-l4tRQXw-4" edge="1">
          <mxGeometry relative="1" as="geometry" />
        </mxCell>
        <mxCell id="OX9t36MKC_cI-l4tRQXw-9" style="edgeStyle=orthogonalEdgeStyle;rounded=0;orthogonalLoop=1;jettySize=auto;html=1;exitX=0.5;exitY=1;exitDx=0;exitDy=0;entryX=0.5;entryY=0;entryDx=0;entryDy=0;startArrow=classic;startFill=1;endArrow=none;endFill=0;" parent="1" source="OX9t36MKC_cI-l4tRQXw-3" target="OX9t36MKC_cI-l4tRQXw-6" edge="1">
          <mxGeometry relative="1" as="geometry" />
        </mxCell>
        <mxCell id="OX9t36MKC_cI-l4tRQXw-10" style="edgeStyle=orthogonalEdgeStyle;rounded=0;orthogonalLoop=1;jettySize=auto;html=1;exitX=0.5;exitY=1;exitDx=0;exitDy=0;entryX=0.5;entryY=0;entryDx=0;entryDy=0;startArrow=classic;startFill=1;endArrow=none;endFill=0;" parent="1" source="OX9t36MKC_cI-l4tRQXw-3" target="OX9t36MKC_cI-l4tRQXw-5" edge="1">
          <mxGeometry relative="1" as="geometry" />
        </mxCell>
        <mxCell id="OX9t36MKC_cI-l4tRQXw-11" value="Bitbucket" style="shape=mxgraph.aws4.codecommit;resIcon=mxgraph.aws4.codecommit;labelPosition=center;verticalLabelPosition=bottom;align=center;verticalAlign=top;fontColor=#000000;strokeColor=#ffffff;fillColor=#759C3E;" parent="1" vertex="1">
          <mxGeometry x="50" y="490" width="70" height="70" as="geometry" />
        </mxCell>
        <mxCell id="OX9t36MKC_cI-l4tRQXw-12" style="edgeStyle=orthogonalEdgeStyle;rounded=0;orthogonalLoop=1;jettySize=auto;html=1;exitX=0.5;exitY=1;exitDx=0;exitDy=0;startArrow=classic;startFill=1;endArrow=none;endFill=0;entryX=0;entryY=0.5;entryDx=0;entryDy=0;" parent="1" source="OX9t36MKC_cI-l4tRQXw-3" target="OX9t36MKC_cI-l4tRQXw-11" edge="1">
          <mxGeometry relative="1" as="geometry" />
        </mxCell>
      </root>
    </mxGraphModel>
  </diagram>
</mxfile>