{
  "module": "cloudposse/codebuild/aws",
  "resources": {
    "aws_codebuild_project": {
      "name": "default",
      "properties": {
        "namespace": "eg",
        "stage": "staging",
        "name": "app",
        "build_image": "aws/codebuild/standard:2.0",
        "build_compute_type": "BUILD_GENERAL1_SMALL",
        "build_timeout": 60,
        "privileged_mode": true,
        "aws_region": "us-east-1",
        "aws_account_id": "xxxxxxxxxx",
        "image_repo_name": "ecr-repo-name",
        "image_tag": "latest",
        "environment_variables": [
          {
            "name": "JENKINS_URL",
            "value": "https://jenkins.example.com",
            "type": "PLAINTEXT"
          },
          {
            "name": "COMPANY_NAME",
            "value": "Amazon",
            "type": "PLAINTEXT"
          },
          {
            "name": "TIME_ZONE",
            "value": "Pacific/Auckland",
            "type": "PLAINTEXT"
          }
        ]
      }
    },
    "aws_s3_bucket": {
      "name": "cache_bucket",
      "properties": {
                "cache_expiration_days": 7,
                "versioning_enabled": true
      }
    },
    "aws_iam_role": {
      "name": "default",
      "properties": {
      }
    },
    "aws_iam_policy": {
            "name": "default",
            "properties": {
                "extra_permissions": []
            }
        },
    "aws_iam_role_policy_attachment": {
      "name": "default",
      "properties": {
      }
    },
    "aws_iam_policy": {
            "name": "default_cache_bucket",
            "properties": {
            }
        },
    "aws_iam_role_policy_attachment": {
      "name": "default_cache_bucket",
      "properties": {
      }
        },
    "aws_s3_bucket_acl": {
            "name": "default",
            "properties": {}
        },
    "aws_s3_bucket_versioning": {
            "name": "default",
            "properties": {}
        },
        "aws_s3_bucket_server_side_encryption_configuration": {
            "name": "default",
            "properties": {}
        },
        "aws_s3_bucket_public_access_block": {
            "name": "default",
            "properties": {}
        },
        "aws_s3_bucket_lifecycle_configuration": {
            "name": "default",
            "properties": {}
        },
         "aws_s3_bucket_logging": {
            "name": "default",
            "properties": {}
        },
        "aws_s3_bucket_ownership_controls": {
            "name": "s3_bucket_acl_ownership",
            "properties": {}
        },
        "random_string":{
            "name": "bucket_prefix",
            "properties": {}

        },
         "aws_codebuild_source_credential": {
            "name": "authorization",
            "properties": {}
        }
  },
  "data_sources":{
          "aws_region":{
             "name": "default",
             "properties": {}

         },
         "aws_caller_identity":{
              "name": "default",
             "properties": {}
         }

  }


}