<?xml version="1.0" encoding="UTF-8"?>
<mxfile host="app.diagrams.net" modified="2024-01-09T13:31:36.348Z" agent="Mozilla/5.0 (Windows NT 10.0; Win64; x64) AppleWebKit/537.36 (KHTML, like Gecko) Chrome/118.0.0.0 Safari/537.36" etag="Q6s99_7a_J91nJ_D77c3" version="21.8.2" type="device">
  <diagram id="R2lEEEUBdFMJ3x1HHmI0" name="Page-1">
    <mxGraphModel dx="2270" dy="905" grid="1" gridSize="10" guides="1" tooltips="1" connect="1" arrows="1" fold="1" page="1" pageScale="1" pageWidth="850" pageHeight="1100" math="0" shadow="0">
      <root>
        <mxCell id="0" />
        <mxCell id="1" parent="0" />
        <mxCell id="scf8Y3l0G3nWhKuB253j-1" value="VPC" style="shape=mxgraph.aws4.group_vpc;grIcon=mxgraph.aws4.vpc;strokeColor=#147EBA;fillColor=none;verticalAlign=top;align=left;spacingLeft=30;fontColor=#147EBA;dashed=0;" vertex="1" parent="1">
          <mxGeometry x="40" y="40" width="780" height="580" as="geometry" />
        </mxCell>
        <mxCell id="scf8Y3l0G3nWhKuB253j-2" value="Subnets" style="shape=mxgraph.aws4.group_subnet;grIcon=mxgraph.aws4.subnet;strokeColor=#147EBA;fillColor=none;verticalAlign=top;align=left;spacingLeft=30;fontColor=#147EBA;dashed=0;" vertex="1" parent="scf8Y3l0G3nWhKuB253j-1">
          <mxGeometry x="40" y="80" width="700" height="460" as="geometry" />
        </mxCell>
        <mxCell id="scf8Y3l0G3nWhKuB253j-3" value="ECS Cluster" style="shape=mxgraph.aws4.ecs_cluster;resIcon=mxgraph.aws4.ecs_cluster;strokeColor=#D86613;fillColor=#F58536;verticalLabelPosition=bottom;verticalAlign=top;align=center;fontColor=#ffffff;dashed=0;" vertex="1" parent="scf8Y3l0G3nWhKuB253j-2">
          <mxGeometry x="100" y="120" width="60" height="60" as="geometry" />
        </mxCell>
        <mxCell id="scf8Y3l0G3nWhKuB253j-4" value="ECS Service" style="shape=mxgraph.aws4.ecs_service;resIcon=mxgraph.aws4.ecs_service;strokeColor=#D86613;fillColor=#F58536;verticalLabelPosition=bottom;verticalAlign=top;align=center;fontColor=#ffffff;dashed=0;" vertex="1" parent="scf8Y3l0G3nWhKuB253j-2">
          <mxGeometry x="240" y="120" width="60" height="60" as="geometry" />
        </mxCell>
        <mxCell id="scf8Y3l0G3nWhKuB253j-5" value="Task Definition" style="shape=mxgraph.aws4.container_registry;resIcon=mxgraph.aws4.container_registry;strokeColor=#D86613;fillColor=#F58536;verticalLabelPosition=bottom;verticalAlign=top;align=center;fontColor=#ffffff;dashed=0;" vertex="1" parent="scf8Y3l0G3nWhKuB253j-2">
          <mxGeometry x="400" y="120" width="60" height="60" as="geometry" />
        </mxCell>
        <mxCell id="scf8Y3l0G3nWhKuB253j-7" value="" style="endArrow=classic;html=1;rounded=0;entryX=0;entryY=0.5;entryDx=0;entryDy=0;exitX=1;exitY=0.5;exitDx=0;exitDy=0;" edge="1" parent="scf8Y3l0G3nWhKuB253j-2" source="scf8Y3l0G3nWhKuB253j-4" target="scf8Y3l0G3nWhKuB253j-5">
          <mxGeometry width="50" height="50" relative="1" as="geometry">
            <mxPoint x="340" y="220" as="sourcePoint" />
            <mxPoint x="390" y="170" as="targetPoint" />
          </mxGeometry>
        </mxCell>
        <mxCell id="scf8Y3l0G3nWhKuB253j-8" value="IAM Roles&lt;br&gt;(Task, Exec, Service)" style="shape=mxgraph.aws4.iam_role;resIcon=mxgraph.aws4.iam_role;strokeColor=#D86613;fillColor=#F58536;verticalLabelPosition=bottom;verticalAlign=top;align=center;fontColor=#ffffff;dashed=0;" vertex="1" parent="1">
          <mxGeometry x="560" y="320" width="60" height="70" as="geometry" />
        </mxCell>
        <mxCell id="scf8Y3l0G3nWhKuB253j-9" value="Security Group" style="shape=mxgraph.aws4.security_group;resIcon=mxgraph.aws4.security_group;strokeColor=#147EBA;fillColor=#259EFF;verticalLabelPosition=bottom;verticalAlign=top;align=center;fontColor=#ffffff;dashed=0;" vertex="1" parent="1">
          <mxGeometry x="560" y="440" width="60" height="60" as="geometry" />
        </mxCell>
      </root>
    </mxGraphModel>
  </diagram>
</mxfile>