{
  "provider": {
    "aws": {
      "region": "var.region"
    }
  },
  "module": {
    "label": {
      "source": "git::https://github.com/cloudposse/terraform-null-label.git?ref=tags/0.15.0",
      "namespace": "var.namespace",
      "name": "var.name",
      "stage": "var.stage",
      "delimiter": "var.delimiter",
      "attributes": "var.attributes",
      "tags": "var.tags"
    },
    "vpc": {
      "source": "git::https://github.com/cloudposse/terraform-aws-vpc.git?ref=tags/0.8.1",
      "namespace": "var.namespace",
      "stage": "var.stage",
      "name": "var.name",
      "delimiter": "var.delimiter",
      "attributes": "var.attributes",
      "cidr_block": "var.vpc_cidr_block",
      "tags": "var.tags"
    },
    "subnets": {
      "source": "git::https://github.com/cloudposse/terraform-aws-dynamic-subnets.git?ref=tags/0.16.1",
      "availability_zones": "var.availability_zones",
      "namespace": "var.namespace",
      "stage": "var.stage",
      "name": "var.name",
      "attributes": "var.attributes",
      "delimiter": "var.delimiter",
      "vpc_id": "module.vpc.vpc_id",
      "igw_id": "module.vpc.igw_id",
      "cidr_block": "module.vpc.vpc_cidr_block",
      "nat_gateway_enabled": true,
      "nat_instance_enabled": false,
      "tags": "var.tags"
    },
    "container_definition": {
      "source": "git::https://github.com/cloudposse/terraform-aws-ecs-container-definition.git?ref=tags/0.21.0",
      "container_name": "var.container_name",
      "container_image": "var.container_image",
      "container_memory": "var.container_memory",
      "container_memory_reservation": "var.container_memory_reservation",
      "container_cpu": "var.container_cpu",
      "essential": "var.container_essential",
      "readonly_root_filesystem": "var.container_readonly_root_filesystem",
      "environment": "var.container_environment",
      "port_mappings": "var.container_port_mappings",
      "log_configuration": "var.container_log_configuration"
    },
    "ecs_alb_service_task": {
      "source": "cloudposse/ecs-alb-service-task/aws",
      "namespace": "var.namespace",
      "stage": "var.stage",
      "name": "var.name",
      "attributes": "var.attributes",
      "delimiter": "var.delimiter",
      "alb_security_group": "module.vpc.vpc_default_security_group_id",
      "container_definition_json": "module.container_definition.json",
      "ecs_cluster_arn": "aws_ecs_cluster.default.arn",
      "launch_type": "var.ecs_launch_type",
      "vpc_id": "module.vpc.vpc_id",
      "security_group_ids": [
        "module.vpc.vpc_default_security_group_id"
      ],
      "subnet_ids": "module.subnets.public_subnet_ids",
      "tags": "var.tags",
      "ignore_changes_task_definition": "var.ignore_changes_task_definition",
      "network_mode": "var.network_mode",
      "assign_public_ip": "var.assign_public_ip",
      "propagate_tags": "var.propagate_tags",
      "health_check_grace_period_seconds": "var.health_check_grace_period_seconds",
      "deployment_minimum_healthy_percent": "var.deployment_minimum_healthy_percent",
      "deployment_maximum_percent": "var.deployment_maximum_percent",
      "deployment_controller_type": "var.deployment_controller_type",
      "desired_count": "var.desired_count",
      "task_memory": "var.task_memory",
      "task_cpu": "var.task_cpu"
    }
  },
  "resource": {
    "aws_ecs_cluster": {
      "default": {
        "name": "module.label.id",
        "tags": "module.label.tags"
      }
    }
  }
}