<?xml version="1.0" encoding="UTF-8"?>
<mxfile host="app.diagrams.net" modified="2023-11-22T17:35:50.951Z" agent="Mozilla/5.0 (Windows NT 10.0; Win64; x64) AppleWebKit/537.36 (KHTML, like Gecko) Chrome/119.0.0.0 Safari/537.36" etag="nQpQ9gD-z0Q94G2n75yO" version="21.6.8" type="device">
  <diagram id="R2lE3eMGa5jKGi0I9K59" name="Page-1">
    <mxGraphModel dx="1422" dy="794" grid="1" gridSize="10" guides="1" tooltips="1" connect="1" arrows="1" fold="1" page="1" pageScale="1" pageWidth="850" pageHeight="1100" math="0" shadow="0">
      <root>
        <mxCell id="0" />
        <mxCell id="1" parent="0" />
        <mxCell id="5lM71Z5V2G_8-6kD7QpN-1" value="VPC" style="rounded=0;whiteSpace=wrap;html=1;fillColor=#E6FFCC;strokeColor=#99CC00;verticalAlign=top;align=left;resIcon=mxgraph.aws4.group_vpc;" vertex="1" parent="1">
          <mxGeometry x="80" y="40" width="720" height="560" as="geometry" />
        </mxCell>
        <mxCell id="5lM71Z5V2G_8-6kD7QpN-2" value="Private Subnets" style="rounded=0;whiteSpace=wrap;html=1;fillColor=#dae8fc;strokeColor=#6c8ebf;align=left;verticalAlign=top;resIcon=mxgraph.aws4.group_subnet;" vertex="1" parent="5lM71Z5V2G_8-6kD7QpN-1">
          <mxGeometry x="40" y="80" width="640" height="400" as="geometry" />
        </mxCell>
        <mxCell id="5lM71Z5V2G_8-6kD7QpN-3" value="MSK Cluster" style="shape=mxgraph.aws4.managed_streaming_for_kafka;verticalLabelPosition=bottom;verticalAlign=top;resIcon=mxgraph.aws4.managed_streaming_for_kafka;" vertex="1" parent="5lM71Z5V2G_8-6kD7QpN-2">
          <mxGeometry x="200" y="120" width="60" height="60" as="geometry" />
        </mxCell>
        <mxCell id="5lM71Z5V2G_8-6kD7QpN-4" value="Security Group" style="shape=mxgraph.aws4.security_group;verticalLabelPosition=bottom;verticalAlign=top;resIcon=mxgraph.aws4.security_group;" vertex="1" parent="5lM71Z5V2G_8-6kD7QpN-1">
          <mxGeometry x="520" y="40" width="60" height="55" as="geometry" />
        </mxCell>
        <mxCell id="5lM71Z5V2G_8-6kD7QpN-5" value="" style="endArrow=classic;html=1;rounded=0;entryX=0.5;entryY=0;entryDx=0;entryDy=0;exitX=1;exitY=0.5;exitDx=0;exitDy=0;" edge="1" parent="5lM71Z5V2G_8-6kD7QpN-1" source="5lM71Z5V2G_8-6kD7QpN-3" target="5lM71Z5V2G_8-6kD7QpN-4">
          <mxGeometry width="50" height="50" relative="1" as="geometry">
            <mxPoint x="390" y="180" as="sourcePoint" />
            <mxPoint x="440" y="130" as="targetPoint" />
          </mxGeometry>
        </mxCell>
        <mxCell id="5lM71Z5V2G_8-6kD7QpN-6" value="Route53" style="shape=mxgraph.aws4.route_53;verticalLabelPosition=bottom;verticalAlign=top;resIcon=mxgraph.aws4.route_53;" vertex="1" parent="1">
          <mxGeometry x="400" y="640" width="60" height="60" as="geometry" />
        </mxCell>
        <mxCell id="5lM71Z5V2G_8-6kD7QpN-7" value="" style="endArrow=classic;html=1;rounded=0;exitX=0.5;exitY=1;exitDx=0;exitDy=0;entryX=0.5;entryY=0;entryDx=0;entryDy=0;" edge="1" parent="1" source="5lM71Z5V2G_8-6kD7QpN-3" target="5lM71Z5V2G_8-6kD7QpN-6">
          <mxGeometry width="50" height="50" relative="1" as="geometry">
            <mxPoint x="390" y="420" as="sourcePoint" />
            <mxPoint x="440" y="370" as="targetPoint" />
          </mxGeometry>
        </mxCell>
      </root>
    </mxGraphModel>
  </diagram>
</mxfile>