{
  "module": "msk-apache-kafka-cluster",
  "source": "cloudposse/msk-apache-kafka-cluster/aws",
  "variables": {
    "kafka_version": "3.3.2",
    "namespace": "eg",
    "stage": "prod",
    "name": "app",
    "vpc_id": "vpc-XXXXXXXX",
    "subnet_ids": [
      "subnet-XXXXXXXXX",
      "subnet-YYYYYYYY"
    ],
    "broker_per_zone": 2,
    "broker_instance_type": "kafka.m5.large",
    "associated_security_group_ids": [
      "sg-XXXXXXXXX",
      "sg-YYYYYYYY"
    ],
    "allowed_security_group_ids": [
      "sg-XXXXXXXXX",
      "sg-YYYYYYYY"
    ]
  },
  "resources": {
    "aws_msk_cluster": {
      "create": true,
      "properties": {
        "kafka_version": "3.3.2",
        "cluster_name": "${var.name}",
        "number_of_broker_nodes_per_zone": 2,
        "broker_node_group_info": {
          "instance_type": "kafka.m5.large",
          "ebs_volume_size": 1000,
          "client_subnets": [
            "subnet-XXXXXXXXX",
            "subnet-YYYYYYYY"
          ],
          "security_groups": [
            "sg-XXXXXXXXX",
            "sg-YYYYYYYY",
            "${module.security_group.security_group_id}"
          ]
        },
        "encryption_info": {
            "encryption_in_transit": {
              "client_broker": "TLS"
            }
        },
        "enhanced_monitoring": "DEFAULT"
      }
    },
        "aws_security_group": {
          "create": true,
          "properties":{
              "name": "${var.name}",
               "vpc_id": "vpc-XXXXXXXX",
              "ingress": {
                "from_port": 9094,
                "to_port": 9094,
                "protocol": "tcp",
                "security_groups": [
                  "sg-XXXXXXXXX",
                  "sg-YYYYYYYY"
                ],
                "description": "Allow inbound %s traffic"
              },

              "egress":{
                  "from_port": 0,
                  "to_port": 0,
                  "protocol": "-1",
                  "cidr_blocks": ["0.0.0.0/0"],
                  "description": "Allow inbound %s traffic"

              }

          }

        },

    "aws_msk_configuration": {
      "create": false,
      "properties": {}
    }
  }
}