{
  "description": "The FP Complete AWS Foundation - A modular, composable, extensible framework for building secure, highly scalable platforms on AWS.",
  "goals": [
    "Extensible framework for ops developers",
    "Highly scalable and flexible implementation of modern distributed systems architecture",
    "Focus on security, maintainability, repeatability, reliability, and simple workflows",
    "Support for evolving ops landscape and legacy applications",
    "Reference stack for ops developers"
  ],
  "modules": [], 
  "tools": [
    {
      "name": "Terraform",
      "purpose": "Orchestrates resources in the cloud (network, node, cluster, service)"
    },
    {
      "name": "Packer",
      "purpose": "Creates pre-baked VM images for nodes"
    },
    {
      "name": "Amazon Auto-Scaling Groups",
      "purpose": "Enables self-healing platforms"
    },
    {
      "name": "Docker",
      "purpose": "Runs services/applications as containers (supports legacy apps)"
    },
    {
      "name": "Consul",
      "purpose": "Service discovery, distributed key/value store, simplified automation"
    },
    {
      "name": "consul-template",
      "purpose": "Simplified automation and orchestration in the distributed system"
    },
    {
      "name": "consulkv",
      "purpose": "Simplified automation and orchestration in the distributed system"
    },
    {
      "name": "Vault",
      "purpose": "Manages secrets, short-lived credentials, TLS certificates, and audits access"
    },
    {
      "name": "Kubernetes",
      "purpose": "Schedules and manages resources for containers"
    },
    {
      "name": "Nomad",
      "purpose": "Task scheduling for containers, executables, and Java applications"
    },
    {
      "name": "Saltstack",
      "purpose": "Configuration management for nodes at runtime"
    },
    {
      "name": "saltstack-formulas",
      "purpose": "Provides pre-built Saltstack configurations"
    },
    {
      "name": "fpco-salt-formula",
      "purpose": "Custom Saltstack formulas for FP Complete"
    },
    {
      "name": "bootstrap-salt-formula",
      "purpose": "Bootstrapping Saltstack configurations"
    }
  ],
  "composability": "Modules are composable and don't require using all tools.  Use only IAM management modules, or build a complete stack."
}